588;48;{10101101110100111010}
324;32;{10001101000000001010}
472;45;{10101101000101001011}
423;35;{10100101010100101001}
367;39;{00100100000101101110}
387;44;{11000010000001101111}
289;27;{01000000000001110111}
485;50;{11010111010001001010}
372;43;{00111011010100011000}
387;25;{11101000010101000100}
419;37;{10100000001111110011}
368;37;{10000001001011001110}
488;54;{00001101011011011011}
372;37;{11001100010000001010}
540;60;{11011111010000011011}
426;44;{11001010010001010111}
448;38;{10110001000101101011}
544;45;{11010101010001111010}
268;37;{00000000001010111011}
443;41;{00101100110100101010}
435;45;{01001001010001011111}
559;53;{11111111000100111000}
538;41;{10111101000101101100}
507;48;{11001001001010101111}
294;21;{10100000010101000101}
472;39;{10101100110100010110}
505;65;{00111111001110001011}
343;20;{11001000000001110100}
363;32;{10010101000000101010}
365;30;{11010101010000001000}
645;56;{10111101010101111011}
421;36;{10011101000000101010}
541;58;{01010111010001111110}
456;40;{10011101000000101110}
439;42;{11000001010001011111}
481;57;{00011111010001001111}
403;46;{10001110001011000011}
264;24;{10000000001010100011}
411;45;{11100000010100011111}
418;36;{00100101010101111000}
452;40;{11001001001010101010}
417;34;{10100100000101110110}
320;47;{01001110000000001110}
377;34;{11001000011010010010}
322;35;{00101100010100001100}
290;29;{10001000000001001110}
396;45;{01010101010000011011}
573;60;{10011011011010111110}
413;49;{11010111000000011010}
436;51;{10010111000001001111}
377;45;{00001101001010001110}
421;37;{10001011010001111000}
366;29;{10101100000101000101}
205;11;{10001000000001000100}
755;77;{01111111101111101111}
685;54;{11111101100101111010}
484;53;{01111111000101001001}
483;46;{01011001000001111111}
230;33;{00000011010000011100}
542;47;{10010101011011101010}
195;25;{00101000000100001001}
480;44;{00101100110101010111}
339;28;{01101100000101000100}
376;35;{10101101000100001001}
681;68;{11110111101110111010}
411;28;{11001001000001101100}
581;49;{11101110100101100110}
324;19;{10001100000001100100}
419;31;{10001101000001101100}
502;35;{10101100100101100110}
601;45;{11101101010101101100}
213;16;{11000000010000010001}
362;31;{10001101010000001100}
502;35;{10101100100101100110}
382;30;{11001000010001010110}
413;35;{10000001010001101111}
482;44;{11001000011011010111}
495;50;{01001000011011111110}
410;49;{00001001011010011111}
468;40;{10100000011111110011}
532;58;{01011011001011111010}
688;63;{11110101001111111110}
347;35;{10100100000101001101}
513;47;{00101100110101101011}
579;58;{10101110001111110110}
272;31;{00000000011011010011}
260;18;{10001100000001010000}
304;28;{11100010000101000100}
353;24;{11000001000001101100}
336;35;{00110001000100101011}
588;48;{10111101100100101110}
432;43;{11000101010000011110}
376;34;{11010001000001011010}
553;44;{10111101100100101010}
341;41;{00110011000100111001}
481;56;{10101110000100101111}
637;51;{10111101110100101110}
381;46;{00101100000101011011}
387;39;{10101010010101000011}
417;39;{01110101000101001100}
359;33;{10001110000001100010}
452;33;{10101100100100100110}
573;53;{10101110100101110111}
245;35;{00000110000001010110}
504;38;{11101100000101110101}
366;41;{10101110000100000110}
525;61;{00100011011111111011}
125;10;{01000000000001000001}
765;72;{11111101011110111111}
380;47;{00101110010100010110}
525;54;{10100101101110011011}
581;61;{01011011011011111010}
585;58;{00111101101111001011}
535;69;{01010111011010011111}
221;25;{01001000010000001001}
283;18;{10101000000101000100}
595;48;{11110101010101101010}
433;33;{01111001000101101000}
378;30;{10101001000101001100}
546;52;{01110101000101111110}
283;18;{10101000000101000100}
252;38;{00001010000001001110}
390;43;{10100010000101101110}
340;42;{01001010001011010010}
603;46;{10111101100101101010}
527;58;{10110011010101011111}
293;23;{10101000000100101000}
263;27;{01001000010000000111}
258;22;{01001001000001001000}
575;50;{01101101100101101011}
553;44;{10111101100100101010}
320;43;{00100011000101011010}
389;28;{11001000000001110110}
585;66;{11110011011110001111}
443;42;{00101101110100001010}
223;33;{00000011010000001101}
452;33;{10101100100100100110}
473;44;{10101110000101110101}
481;61;{01000011011011011111}
276;35;{00001100000001001011}
316;32;{00011001000000101011}
460;43;{10001101001010101010}
368;40;{11000010010001010111}
429;38;{10010001011010101010}
238;24;{00010001000000101010}
474;43;{11000101000001111011}
405;54;{10001010011010011011}
411;33;{10111001000101011000}
370;35;{10101110000101000100}
283;18;{10101000000101000100}
358;42;{10001110000001011100}
383;33;{10001100010001000111}
395;46;{11001010000000101111}
681;67;{01111101111110011110}
512;41;{10101101100100101010}
690;58;{11100101110101111111}
603;46;{10111101100101101010}
237;11;{10000000010001100001}
337;31;{11000100000000111100}
603;46;{10111101100101101010}
569;60;{10110111010100101111}
419;31;{10001101000001101100}
566;49;{11110101000101101011}
351;27;{11101100000100000100}
294;20;{10100100000100100100}
419;31;{10001101000001101100}
502;35;{10101100100101100110}
211;10;{10001000000000100100}
326;32;{10000000001010110111}
405;43;{10001111000000111001}
412;35;{10010101010000101010}
474;55;{11000011001011011110}
487;42;{10011001011010101010}
443;39;{11000001011010101010}
685;64;{11110101111110011110}
205;11;{10001000000001000100}
330;26;{10101100010100000001}
553;68;{01001110001011111111}
564;57;{11001111000001101111}
455;44;{10110101000101001011}
310;27;{00101100000100100101}
473;38;{10101100100101010110}
494;39;{01101100110100100110}
603;46;{10111101100101101010}
429;38;{00100100100101110111}
652;49;{10111101110101101010}
507;48;{00111101000101101011}
440;38;{10010101000001111010}
237;23;{01000000001010100010}
561;51;{10101100110101011110}
603;46;{10111101100101101010}
458;52;{10011111010000001011}
542;54;{00110101101111001110}
360;42;{00101101000100001011}
573;61;{11100111110100011011}
301;15;{11100000000101100000}
468;34;{10001101010001101100}
496;39;{10101101010100101100}
546;69;{01100110011111011110}
347;24;{11000100010000110100}
551;38;{10101100110101100110}
592;60;{10101111100101011110}
322;28;{10101000000101001100}
533;49;{11101100010100111010}
577;47;{10101100011111100110}
476;47;{01101101100100011010}
253;23;{10000001000001001010}
167;11;{10000000000001000101}
272;24;{10101010000101000000}
214;22;{10100000000100001100}
526;46;{10101101100101001011}
589;47;{10101101100101111010}
148;13;{00000100000001000100}
418;48;{10001111000001001011}
483;41;{00110101100101101010}
389;33;{11100100000101000110}
515;44;{10110101100100101011}
766;64;{11101101111111101011}
603;46;{10111101100101101010}
493;44;{10111101000101001010}
420;37;{11000101010001001010}
334;39;{01001011000000101010}
358;34;{10001110010000100010}
483;44;{10101101100100011010}
346;45;{00101110010100001100}
329;38;{01001110000000110010}
332;31;{00001001000001111010}
506;42;{10101101100101001010}
494;49;{01011101001010101010}
339;28;{00001000011011100010}
315;39;{10001010000001011101}
281;32;{10000110000001010101}
283;18;{10101000000101000100}
280;32;{10000110000001000110}
438;34;{10101100100101010010}
257;24;{10001110000001000000}
440;38;{10101101010100001100}
358;33;{10001000001011010110}
582;53;{11010101011010101110}
397;36;{11000000011011000111}
502;35;{10101100100101100110}
425;55;{00010111001010101011}
311;21;{10101100000101000000}
533;51;{11101011010101011100}
553;44;{10111101100100101010}
353;36;{10001100000001001110}
476;40;{11011101000000101010}
508;55;{01011111000001101011}
603;46;{10111101100101101010}
556;40;{11101100110100100110}
508;42;{10101101000101101010}
472;48;{10010111000001101110}
365;33;{10000101010001001010}
637;55;{10101101011111101010}
557;45;{10101101010101101010}
523;51;{10100111010101101010}
617;51;{10101101100101101111}
414;43;{00101101100100001011}
571;45;{10111001010101111101}
396;44;{10110011010100011001}
236;26;{00001110000000100100}
441;40;{10010101010001001110}
388;35;{11001110010001010000}
516;34;{10101100110101100010}
468;34;{10001101010001101100}
310;15;{10001000010001100100}
203;8;{10000000000001100100}
153;15;{00001000000000101000}
379;47;{10101110000100001101}
319;32;{11010001000000001011}
652;49;{10111101110101101010}
526;55;{10100011001111101110}
264;26;{01001000000001000111}
528;60;{01101110100100101111}
410;35;{11101000010100010110}
456;40;{10101101100100001010}
707;53;{11111101110101101010}
419;32;{10101000010101111000}
530;52;{10101111100101001010}
447;44;{11011011000001011100}
658;50;{11111101100101101010}
541;45;{00111101100101101010}
468;41;{10100100100101101011}
415;48;{01110001001110001011}
627;56;{10111111100101101010}
373;40;{00001111000001111000}
627;56;{10111111100101101010}
351;27;{11101100000100000100}
658;50;{11111101100101101010}
345;28;{10001000011011000010}
485;39;{11001101000001101010}
364;39;{10100101000100001011}
508;42;{10101101000101101010}
506;42;{10101101100101001010}
544;58;{10111111000101011010}
479;38;{10001101010001101010}
744;65;{11101101101111111011}
363;30;{10001101000001001100}
346;25;{10101100000101000100}
346;25;{10101100000101000100}
336;22;{11001000010001010100}
465;40;{10011101010001011001}
170;7;{10001000000001000000}
308;34;{00101110000101000100}
603;46;{10111101100101101010}
602;49;{11101101100100101110}
670;58;{00111101111111101010}
333;40;{00000101011010001010}
424;54;{00001111000000111111}
679;64;{11110111100101101111}
742;57;{11111101110101101110}
579;47;{11100101100101101011}
638;50;{10111101100101101110}
521;57;{00100110110101111110}
580;46;{10110101100101101110}
532;64;{01001111001010101111}
468;41;{10100100100101101011}
455;42;{00101100010101111100}
476;43;{10110101000100101110}
370;45;{00101110100100010011}
394;39;{10000010011011110010}
508;42;{10101101000101101010}
430;35;{10001101000001101010}
371;47;{00101011000101001011}
346;37;{10101100000100001010}
328;26;{10001101000001001000}
373;39;{10100100000101001110}
383;45;{10101010000100101011}
304;24;{01101100000101000000}
352;27;{10100100110100000010}
571;55;{10111111100101001010}
359;25;{10101000010101010100}
337;34;{00000101000001111010}
508;39;{11111101000100101000}
340;32;{10001000010001011101}
604;49;{11111101000101101010}
396;32;{10101100100100000110}
518;45;{10110101000101111010}
441;53;{11010111000000001111}
541;45;{00111101100101101010}
655;62;{01101101111111011010}
603;46;{10111101100101101010}
623;52;{10101101110100111110}
685;54;{11111101100101111010}
652;49;{10111101110101101010}
517;45;{10010101010001101111}
464;45;{11010011000001101110}
304;28;{10001000010001001010}
592;50;{10110101100101111011}
263;27;{01001000000000101101}
334;39;{00000101001011001010}
658;50;{11111101100101101010}
384;46;{01100110010100101001}
340;38;{00101101000100001010}
647;53;{11101101010101101110}
255;23;{00010101000000101000}
401;38;{10001101000001011010}
425;30;{10011101000001101000}
435;37;{11001101000000101010}
311;27;{10001001000001001010}
377;35;{01010001010000101110}
398;33;{10101000010101000111}
511;59;{10111011001110011010}
271;32;{00001100010000011100}
240;24;{10000010010001000101}
446;55;{01001111000001001111}
573;66;{01100111011110111010}
538;46;{11100101100101001110}
453;40;{10101110000101110100}
283;18;{10101000000101000100}
543;56;{00011101011010101111}
687;53;{10111101110101101110}
738;60;{11111101101111101010}
484;53;{00110111100100111010}
542;69;{00101110011111001111}
253;27;{01010001000000011100}
152;18;{01001000000000001000}
603;46;{10111101100101101010}
349;28;{10100100010101010001}
603;46;{10111101100101101010}
319;36;{01001100010000001101}
410;34;{10100100000101100111}
603;46;{10111101100101101010}
528;61;{01011111010001011011}
401;53;{00100110100101011011}
440;42;{01100101110100001010}
608;48;{11111101100100101010}
630;50;{10111101100101111010}
430;35;{10001101000001101010}
475;48;{10100111000101111001}
423;37;{10001101010001001010}
248;32;{00001000000001001111}
288;34;{10001100000000001011}
384;27;{10001101000001101000}
448;38;{10000101010001111010}
281;27;{10001000001010000110}
346;38;{10101010000101001100}
426;43;{01110001000100101111}
265;19;{10001001000001001000}
214;19;{00000000000001110110}
362;45;{00100111000100101010}
333;37;{10010011010000011100}
434;31;{10101001000101101100}
275;30;{00001000010000111010}
658;50;{11111101100101101010}
423;43;{11010011010001011001}
644;51;{11101101100101111010}
506;44;{11110101000101011100}
361;39;{00010011010001101010}
603;46;{10111101100101101010}
340;26;{11001000010001000011}
620;62;{00011101011011111111}
462;37;{10010101010001101010}
603;46;{10111101100101101010}
551;58;{01100111010101101110}
550;48;{10110101100100101111}
627;56;{10111111100101101010}
417;39;{10101000010101001110}
386;35;{11001001000001001011}
436;40;{10100101000100111101}
410;41;{10001010011010100110}
578;47;{11101101010100111100}
460;44;{10100011010101101010}
502;57;{11101110000101011010}
582;61;{11001111011011001010}
466;44;{01101001010101001110}
240;36;{01000010001010000110}
381;40;{10101110010100010001}
603;46;{10111101100101101010}
276;21;{10000101000000101000}
220;20;{10000101000000001000}
452;38;{11111101000100001000}
125;8;{10000100000000000000}
562;43;{10101101100101101010}
641;57;{11101111100101101010}
435;57;{00100111011110001010}
595;62;{10011111001011101011}
508;57;{11000111001010111010}
658;50;{11111101100101101010}
519;53;{11000011010001111111}
495;50;{10111011000100101110}
491;52;{10100110110100101011}
603;46;{10111101100101101010}
603;46;{10111101100101101010}
204;26;{10000110000000000101}
439;30;{11001100010001100010}
603;46;{10111101100101101010}
629;67;{10101111111110001011}
298;34;{10000100001010010011}
475;56;{01010011011011001110}
289;25;{10100000000100110011}
485;39;{11001101000001101010}
354;44;{00000111000001101011}
508;42;{10101101000101101010}
427;40;{10001000011011010111}
389;34;{10101001000101001010}
548;65;{01101011001111011110}
603;46;{10111101100101101010}
313;31;{01101001000100011000}
220;20;{10000101000000001000}
533;52;{11010011010001101111}
363;41;{10100011010100001101}
323;35;{00100100100100010111}
420;44;{01100011000101111100}
225;26;{10100000000100001010}
296;23;{10101100000100000100}
440;43;{11100001010100001111}
327;35;{01101000000101011001}
303;24;{10100100100100000010}
604;49;{11111101000101101010}
658;50;{11111101100101101010}
642;53;{10101101101111101010}
658;50;{11111101100101101010}
536;52;{10011011010001101111}
638;50;{10111101100101101110}
297;33;{10100100000100001101}
603;46;{10111101100101101010}
549;45;{10111101000101101010}
652;49;{10111101110101101010}
338;36;{10000010001011100011}
707;53;{11111101110101101010}
471;38;{10011101000001101010}
355;37;{10000100011010000111}
437;52;{01000100011011001111}
414;42;{00101100100100101011}
490;45;{11001101000000101111}
450;41;{10011101000001001110}
406;33;{10101101000101001000}
470;49;{11000001001011011111}
410;32;{10011101000000101100}
493;56;{01100110110101001110}
249;20;{00101100000101000000}
327;30;{10010011010000101000}
329;29;{00100100000101110101}
482;40;{10100110110101100010}
407;38;{10001111010000101000}
409;49;{01100001001110001111}
278;24;{10001101000000001000}
271;33;{10000110000000111000}
410;32;{10011101000000101100}
703;60;{10111101101111101011}
614;58;{00111111110101101010}
453;39;{11100100100100101010}
720;58;{11111101100101111110}
630;50;{10111101100101111010}
658;50;{11111101100101101010}
502;49;{10001011010001111110}
548;55;{01111101000101011110}
399;38;{01001000011010100111}
432;48;{10001110010000101110}
222;22;{00100001010100001000}
561;46;{11011101000001101110}
496;44;{11010101010001001110}
371;32;{10000101010000101010}
461;38;{10010001010001111110}
638;50;{10111101100101101110}
658;50;{11111101100101101010}
476;57;{11000111010000011111}
433;38;{10010101000001101011}
518;50;{01011101010000101111}
468;46;{11100111000100101100}
579;47;{11100101100101101011}
582;49;{11110101000101111101}
328;38;{01010111000001001000}
258;23;{10100100000100000101}
344;32;{00100100100100110011}
284;38;{10000110000001001010}
658;50;{11111101100101101010}
277;29;{10100100000100001100}
603;46;{10111101100101101010}
387;32;{10001001000001101011}
307;23;{11001000000001010101}
258;18;{10001000000000110101}
380;30;{10100100100101010010}
480;34;{11011101000001101000}
744;68;{11111111100101111110}
477;47;{01011111000001101100}
315;35;{11001010000001011000}
481;54;{11000011011011001011}
449;50;{10110011000100111011}
530;44;{10100101110100111010}
482;41;{10010101010001101011}
543;50;{10110101110100001111}
419;56;{00010111001011001011}
472;52;{11001110010000101011}
472;51;{11100010000101111110}
360;34;{00110101000100111000}
355;27;{10100100010100110001}
580;46;{10110101100101101110}
593;54;{11110111010101101001}
359;30;{01010101010000101000}
432;45;{10000111000001111101}
607;48;{10111101010101101101}
433;37;{00111001000101101101}
310;22;{10101100010100000000}
480;54;{00100001011111011111}
297;29;{11100100000100001000}
368;38;{10000011000001101110}
430;45;{00111011010101001100}
543;52;{11010101010001011111}
361;28;{10101100100100000010}
567;61;{01110111100100101111}
658;54;{10111101100101101111}
160;12;{10100000000100000001}
349;32;{10000000011011010110}
417;41;{01101001000101001110}
707;53;{11111101110101101010}
210;27;{10000010000001001100}
547;56;{01110001011110111011}
619;61;{10101110111111000111}
601;50;{11111101110100001010}
573;48;{10110101110101001110}
297;37;{00000001011010011010}
402;30;{10010101000001101100}
354;46;{00010111000001001110}
500;49;{00100110111111100010}
402;30;{10010101000001101100}
533;54;{10111111000101011100}
442;46;{00110111000101101100}
535;54;{00010101011011101111}
122;21;{00000110000000000100}
234;19;{10000001000001011000}
285;31;{01001100000001001001}
363;29;{10001100010001000110}
215;20;{00100000000100100110}
471;49;{10010111010000101110}
503;45;{00110101100101101011}
429;31;{10100100100101100011}
565;46;{10110101100101101011}
603;46;{10111101100101101010}
212;17;{11000001000000001000}
144;15;{10001010000000000000}
181;9;{10000100000000100000}
299;38;{10100010000101001010}
490;44;{01010101010001101110}
117;17;{00100000000100001000}
658;50;{11111101100101101010}
649;49;{11110101110101101010}
715;62;{11111101101110111010}
553;44;{10111101100100101010}
482;51;{10001111010001001110}
640;69;{00111111110101011111}
334;29;{00100000010101100111}
575;45;{11011101010001101010}
457;46;{10101100000100101111}
235;20;{10100001000100001000}
742;57;{11111101110101101110}
444;47;{10011011000000111110}
598;61;{11110111010101001110}
319;29;{00000100010001100111}
271;32;{00101010010100010100}
525;46;{10110101010100101110}
524;47;{10111101100100011010}
538;41;{10111101000101101100}
378;51;{01100011001110001010}
523;55;{11101010000101101111}
742;57;{11111101110101101110}
638;50;{10111101100101101110}
603;46;{10111101100101101010}
300;47;{00000010001010101111}
254;17;{10010001000000101000}
203;15;{10100100000100000000}
382;53;{01001110000001011011}
501;53;{00011101001010111110}
258;15;{10000100000001110000}
246;31;{00001010000000110110}
238;20;{10001100000000000101}
455;43;{00100110110101100110}
422;36;{01100100110101010010}
172;30;{01000010000000010011}
645;52;{01111101110101101010}
397;43;{10001100011010001010}
575;45;{11011101010001101010}
411;38;{11010001000001011110}
707;53;{11111101110101101010}
269;34;{00100100000100010111}
642;48;{11111101010101101100}
383;32;{10100100000101101100}
452;41;{10101101000101001010}
451;33;{10010101010001101100}
345;26;{10101100010100000100}
475;54;{10110011011110001010}
353;36;{00100001010101001110}
598;50;{11101101000101101110}
391;51;{11001010001010011010}
287;24;{10000000011011000010}
737;68;{11111111100101101111}
350;44;{10000010011011001010}
425;49;{01110101000100011011}
394;34;{01010101010000101100}
622;53;{11111101100101001011}
435;38;{10100100100101010111}
431;39;{01011101010001001001}
603;46;{10111101100101101010}
421;44;{10111111000100001000}
742;57;{11111101110101101110}
414;47;{01000001001010111111}
375;32;{00100100110101000110}
286;33;{10000100010000011010}
316;27;{10101100000100000101}
140;8;{10100000000100000000}
385;35;{11001000010000101011}
301;40;{01100100000100001011}
383;43;{00010101000000111111}
400;44;{10001100000001011111}
281;28;{10100001000100001010}
511;54;{00101001011111001111}
372;30;{10101100010100010100}
574;49;{10111101100101011010}
693;54;{11111101100101101110}
601;55;{11101100110101011011}
340;38;{00101010010101000110}
399;39;{01000101010000101110}
497;54;{11010111000000101111}
360;31;{01110001000100101100}
295;33;{10000100010000011101}
495;44;{11110001000100111110}
404;33;{10011101000001001100}
321;39;{11100110000100001000}
456;38;{10100001010101101011}
371;47;{00000011001011101011}
309;31;{10001110000000100010}
271;18;{10001001000000101000}
703;60;{10111101101111101011}
421;44;{10010001001011011011}
665;54;{10111101100101111110}
503;44;{00111101000101111100}
603;46;{10111101100101101010}
302;37;{00100100000100101011}
287;39;{00100110010100010010}
614;49;{10110101110101101011}
607;60;{10111111010100101110}
437;45;{11101100000100011101}
507;63;{01010111001010111011}
478;44;{11010011010001101010}
417;51;{01101110100100001010}
512;41;{10110001010101101110}
338;43;{00101110000100101001}
688;56;{11111101010101101110}
624;56;{11110111100101101010}
538;38;{11101001010101101100}
203;21;{10000001000000001010}
700;67;{10110111110101111111}
498;46;{01101101110100001010}
582;49;{11110101000101111101}
433;41;{11001100011010000011}
496;57;{10010111001011001110}
303;27;{10110001000100011000}
359;25;{10100100100100100010}
345;30;{10010101010000001100}
327;26;{10001000010001010110}
471;33;{11010101010001101000}
492;52;{10100111100101001011}
115;15;{00000010000000100100}
638;50;{10111101100101101110}
606;59;{10111111100101001110}
707;53;{11111101110101101010}
338;33;{01010101010000001100}
384;38;{01101101000100001100}
559;63;{11001111011010011010}
410;32;{01101100100100100010}
375;33;{10100101000101011000}
387;37;{10100110010100100101}
575;45;{11011101010001101010}
223;32;{10100010000100001001}
609;55;{11111111000101111000}
564;49;{11110101100101001011}
707;53;{11111101110101101010}
160;12;{10000100000000000100}
606;70;{11110111001110011110}
363;23;{11100100010100100000}
498;52;{11000101001011011011}
317;21;{10101000010101000001}
594;47;{11100101100101101110}
424;36;{11010001010000101011}
640;63;{11001101011011011111}
285;20;{10000100010000100101}
395;47;{11001011000000001111}
603;57;{11100100111111011010}
544;51;{10011111010001101010}
414;45;{10010101001010011010}
653;52;{11111101010101101010}
392;33;{10101100000101000110}
298;44;{00000110010001011010}
389;40;{11010111010000001000}
553;44;{10111101100100101010}
374;35;{11100100000101011000}
472;48;{10100111100101001010}
495;42;{11010101000001111010}
484;37;{11100100110101010010}
125;8;{10000100000000000000}
181;9;{10000100000000100000}
261;19;{10101100000100000000}
303;24;{10100100100100000010}
635;52;{11111101100100111010}
552;61;{10011011011011011011}
410;41;{01111101000100001001}
666;50;{11101101110101101010}
585;59;{10001101011011011111}
311;34;{00001001000001011110}
519;44;{11011101010001001010}
734;57;{11111101110101111010}
707;53;{11111101110101101010}
658;50;{11111101100101101010}
542;48;{10110101100100111011}
518;48;{01101001001111101010}
602;47;{10111101110100101010}
445;33;{10110101000101101000}
577;54;{10111111100100101010}
707;64;{10110101101111111111}
429;38;{10010001011010101010}
503;57;{00010011011011111110}
448;47;{10011111000001001101}
265;16;{10000100010000100100}
434;38;{10101100010101001100}
433;30;{10001101010001101000}
734;57;{11111101110101111010}
196;18;{01100100000100000000}
362;27;{10001100000001110010}
707;53;{11111101110101101010}
239;13;{10100000010101000000}
211;32;{00100110000100000010}
439;45;{10110111000100101001}
707;53;{11111101110101101010}
330;40;{10000011000000111011}
638;62;{01110111110101111010}
719;59;{11111101110100111110}
640;56;{11110101110101011011}
365;44;{10010011000001011011}
702;66;{11111111110101011010}
371;42;{01001111000000101001}
550;48;{10110101100100101111}
428;41;{10100100010100101110}
467;56;{01000011011010111110}
496;44;{00111101000101101101}
257;27;{01001100000000000110}
581;51;{01111101100100101110}
524;46;{10101001011110101010}
301;31;{10000100000000101110}
400;26;{10001100010001110100}
468;57;{11010111000000011111}
373;22;{10001100010001100100}
339;31;{01000100010001111000}
652;62;{11110111110101001110}
478;37;{10010101010001111100}
627;54;{10110101100101111111}
535;48;{01101100110101010111}
421;44;{10111111000100001000}
457;47;{10101111000101011000}
707;53;{11111101110101101010}
456;44;{10100100000101111110}
270;22;{01000100000001100010}
707;53;{11111101110101101010}
285;22;{10100001000101001000}
497;38;{10101101000101101100}
707;53;{11111101110101101010}
653;52;{11111101010101101010}
666;50;{11101101110101101010}
707;53;{11111101110101101010}
388;22;{10101000010101100100}
481;60;{01010111001011011010}
490;40;{10101101010101001100}
437;54;{01000111010001001111}
420;41;{00001001001011101110}
460;39;{10101110010101100001}
356;32;{01101010000101100100}
466;32;{10101100110100100010}
216;10;{11000000010001000000}
370;27;{10101000000101100011}
402;30;{10010101000001101100}
680;56;{11111101010101111010}
445;33;{10110101000101101000}
330;35;{00100100100101001010}
372;31;{01101100000100110100}
534;42;{11001101010001101010}
359;25;{10100100100100100010}
347;36;{00101000000101101011}
414;29;{11100100100100100010}
259;16;{10100100000100100000}
477;54;{01000101001010111111}
262;17;{10000001010000101000}
666;50;{11101101110101101010}
626;59;{11011111010001111010}
554;60;{10001110011011111010}
734;57;{11111101110101111010}
147;9;{10001000000000010000}
658;50;{11111101100101101010}
412;33;{10001101010001001100}
390;37;{11000100011010000110}
480;54;{00110111000101111010}
190;18;{11000010010000000000}
517;66;{01001111011010011011}
358;29;{10101100000101010001}
330;28;{10100100100100010010}
223;19;{10100100000100000001}
184;10;{00100000000101100000}
393;27;{10101100010100110000}
271;36;{00010011010000011100}
656;65;{11110011011111101011}
330;22;{01001000010001110100}
353;26;{10100100100101000010}
662;52;{11111101010101101101}
354;29;{10000101010001001100}
183;12;{10001100000000000000}
468;34;{10001101010001101100}
658;50;{11111101100101101010}
296;31;{00000100010000110111}
289;17;{10101000000100100100}
445;51;{10001110000001111011}
245;12;{10100000010100100000}
734;57;{11111101110101111010}
465;52;{11001100001010011110}
707;53;{11111101110101101010}
585;56;{11111011000101101011}
553;60;{10001011001011111111}
787;63;{11111101111111101010}
451;35;{10011101010000111000}
675;62;{11111111110101001010}
255;20;{11000000010001001000}
408;38;{00011001000001111110}
707;53;{11111101110101101010}
460;43;{01111101000101001001}
358;28;{11100100100100000010}
240;23;{10000100010000000011}
297;24;{00100100100100100010}
401;48;{10100110100100001110}
342;43;{01100110000100111000}
525;46;{11100101000101101011}
444;42;{10000001001011101111}
523;38;{11001101010001101100}
811;73;{11111111111111101010}
340;25;{00101100000101100100}
592;49;{10101101010101101110}
814;67;{11111101111111111010}
321;36;{10000111000001011000}
579;59;{10101101001111011011}
226;32;{00100100000100001010}
559;43;{11100101100101101010}
521;51;{10100111110101001010}
368;33;{10100101000101001001}
504;39;{10100101100101101010}
734;57;{11111101110101111010}
474;44;{01100101100100111010}
666;50;{11101101110101101010}
628;54;{11111101110100011010}
391;37;{01101001000101001101}
623;61;{01110101101110101111}
672;56;{01111101110101111010}
366;44;{01000100001010111010}
303;24;{10100100100100000010}
261;19;{10101100000100000000}
707;53;{11111101110101101010}
119;8;{00000100000000100000}
220;20;{10000101000000001000}
215;16;{01000000010000100101}
117;5;{11000000000000000000}
283;28;{00001010010001100010}
463;55;{10010111000001011111}
481;47;{01101100010101010111}
460;33;{10101100110101000010}
327;39;{01010011000001011100}
435;36;{00101100010101100110}
332;29;{10000100000001111100}
532;45;{10100101110101001110}
354;29;{10001010010001100101}
511;53;{11010111010000101011}
283;27;{10000110010001000100}
558;51;{01110101110101011010}
333;27;{11101010000100100000}
227;17;{10000100000000100010}
450;47;{01101110000101100011}
422;42;{10100100010101001110}
308;19;{10100100010100100000}
330;40;{01001100010000001011}
254;13;{10101000000100100000}
550;44;{11110101100100101010}
245;19;{00100000010100110100}
439;45;{10001100001010101110}
558;52;{11110111010100101100}
503;49;{01100101100101011110}
734;57;{11111101110101111010}
735;67;{11110111110101111110}
336;41;{00100111000100101001}
445;47;{11010111000001001101}
441;52;{11100110100100001011}
434;41;{10101110110100000010}
318;29;{00100100100101010010}
397;35;{11101100000100000110}
457;43;{11000101001010101010}
335;37;{10001010010000111001}
322;36;{10100000000101011011}
465;49;{10011101001010001011}
437;33;{10100100110101000110}
440;44;{00100001001111101110}
288;16;{10001100010000100000}
657;51;{11111101110100101010}
468;34;{10001101010001101100}
376;26;{10100000010101100110}
477;43;{10100111010101101000}
343;25;{10101000000101101000}
262;29;{10100100000100001001}
423;49;{01010111010001001010}
246;11;{10100000000101100000}
288;23;{10101100000100010000}
390;28;{10111001000100101000}
707;53;{11111101110101101010}
734;57;{11111101110101111010}
707;53;{11111101110101101010}
707;53;{11111101110101101010}
507;52;{10000111010001111110}
575;45;{11011101010001101010}
707;53;{11111101110101101010}
245;13;{10001000010000100001}
596;57;{11110101001110101011}
305;26;{10100001000101001001}
160;12;{10000100000000000100}
374;43;{10000100011010001110}
175;10;{10000100000001000000}
392;33;{01010001010001101010}
257;16;{10000100010000110000}
183;12;{10001100000000000000}
404;33;{01001100010001110010}
467;38;{00101100100101110110}
551;38;{10101100110101100110}
457;30;{11101100000101100100}
538;38;{11101001010101101100}
471;40;{01010101010001111100}
646;50;{10101101110101101110}
443;29;{10101100010101110000}
598;54;{11110101110100001111}
601;50;{11111101110100001010}
377;44;{00010101000001011111}
515;57;{00110101001111011110}
442;38;{00100101100101101010}
408;28;{10100100110100100010}
374;34;{10001101000001001010}
359;25;{10100100100100100010}
707;53;{11111101110101101010}
652;49;{10111101110101101010}
684;55;{11111101110100111010}
661;62;{11101110110101111010}
635;52;{11111101100100111010}
633;46;{11101100110101110110}
553;54;{11100101101110001011}
183;12;{10001100000000000000}
418;36;{10101110000101110000}
370;34;{01010001000001111010}
632;69;{01101111001111111010}
591;58;{10110111010101111010}
361;40;{01000001001011001110}
566;52;{11101101100100001111}
509;37;{10011101010001101100}
392;41;{11001100010000001011}
389;48;{00000111000001101111}
586;55;{01110101110101001111}
462;33;{10101100010101100010}
408;44;{11000011010001011010}
570;51;{10101111010101101100}
347;31;{10001001000001011101}
317;21;{10001100010001000100}
588;59;{11110111100101001011}
258;36;{10100010000100001101}
263;16;{10000001000001101000}
520;45;{11111001000101001110}
715;75;{01111111011111101011}
522;62;{10010111011010011110}
638;67;{00101111111110101110}
258;19;{11100100000100000000}
485;48;{01010101011010101010}
264;27;{01000000001010110010}
576;62;{01100111110101011110}
673;54;{10101101110101111110}
738;60;{11111101101111101010}
270;28;{01001001000000011100}
400;39;{00011001010000101111}
527;52;{11010111000001101110}
687;53;{10111101110101101110}
349;37;{11100010000100101100}
404;29;{11101001000100101000}
291;29;{10001110010000000100}
742;57;{11111101110101101110}
688;56;{11111101010101101110}
338;28;{10100100100100000110}
683;62;{11111101110100011111}
275;11;{10001000010001100000}
301;19;{10100000000101100101}
742;57;{11111101110101101110}
354;41;{01010111000000101001}
389;32;{10100101000100101100}
418;51;{10000010011010111110}
546;41;{10101101010101101100}
490;40;{10101101010101001100}
429;45;{01001101000001011110}
445;35;{10101100110100000110}
492;52;{01000101001011111011}
218;19;{10000010010000110000}
399;54;{01000110011010010111}
340;35;{10010001010000011011}
390;26;{10100001010101101000}
431;29;{10110001010101101000}
728;58;{11101101110101111110}
302;20;{10100100010101000000}
227;19;{01000000000001100011}
567;49;{10111101100101001011}
474;47;{10001110001011100110}
323;23;{01101000010100110000}
176;6;{10001000000000100000}
742;57;{11111101110101101110}
347;40;{11000110000001010011}
345;34;{10100100010100010011}
183;12;{10001100000000000000}
524;37;{10111001010101101100}
561;51;{10100101101110111010}
411;42;{10010101010000001111}
422;45;{10100110100100101010}
567;59;{10001011011011111011}
452;40;{10100101010101001101}
426;47;{00010101010001011111}
271;18;{10001001000000101000}
302;19;{11101000010100000000}
402;32;{10110001010101011000}
318;33;{10101010010100010001}
325;29;{10000100000001101101}
390;27;{11100100010100110000}
346;24;{11100000010100100010}
207;15;{10000001000001001000}
176;6;{10001000000000100000}
492;53;{10110111000100111010}
412;40;{10100100100101001011}
744;68;{11111111100101111110}
742;57;{11111101110101101110}
366;29;{11000101000000101100}
752;68;{11101111110101111110}
356;32;{01001100010001000110}
125;8;{10000100000000000000}
372;41;{00011101010000001011}
306;39;{01000110010000101001}
311;38;{10000011010000001110}
335;33;{10101100000100001100}
354;49;{10000011001010011011}
402;34;{11100101010100001000}
467;54;{11000010001011101111}
118;2;{10000000000000100000}
414;55;{01000110010000111111}
326;23;{10000101000001101000}
570;53;{11100110100101110111}
356;46;{00001110000001101011}
369;26;{11001001010001001000}
467;37;{11001101010001001100}
480;49;{10011101001010001110}
742;57;{11111101110101101110}
352;37;{10101010010100000110}
314;20;{11100100000100100000}
373;30;{10100100100101000011}
433;41;{11100110010100100010}
105;6;{01000000000001000000}
701;54;{11101101110101101110}
385;35;{10000100011011000110}
194;21;{00100000000101000011}
164;18;{10100010000100000000}
279;20;{10100100000100100001}
578;42;{10101100110101110110}
467;45;{11010101000001001111}
248;27;{01000000010001001101}
651;59;{11100101101110111110}
349;51;{00000011011010001111}
579;49;{11100101110101011010}
311;21;{10101100000101000000}
758;67;{11111111110101111010}
607;53;{11100101110101001111}
652;62;{11110111110101001110}
266;26;{10100000001110000010}
568;57;{00111101010100111111}
303;38;{00100100000101011010}
386;41;{11101110000100000010}
120;5;{10001000000000000000}
424;51;{01001011010001011011}
627;56;{10111111100101101010}
361;29;{10001101000000111000}
416;25;{10101100010101100000}
749;72;{01111111111111101010}
370;46;{11010011000000011011}
669;52;{11111101010101111100}
451;29;{10101100010101100100}
480;46;{00101101010100101110}
320;29;{01001100010000101000}
342;31;{10100000001110100011}
500;53;{01101100010101011110}
514;58;{00101011001111111010}
460;42;{10100000011111101010}
293;32;{01000100011010000010}
178;23;{00000101000000001001}
518;60;{01001011011010101111}
515;65;{11100010011110011111}
358;27;{10000001010001101010}
194;9;{10000000010000110000}
466;58;{01100111000101001111}
728;58;{11101101110101111110}
742;57;{11111101110101101110}
793;71;{11111111110101111110}
601;55;{11110101010101011110}
572;48;{10011001011011101110}
491;48;{00110101000101111110}
684;53;{11110101110101101110}
470;42;{10101100001110110010}
217;32;{00100010010100000011}
511;50;{11101111000100101001}
341;32;{01101010000101100001}
271;17;{11000100000000100100}
388;29;{11001000010000110110}
492;48;{11010111000001101010}
318;30;{10100100000100101001}
429;43;{10000101001010111010}
362;30;{10101000010100101001}
565;45;{10111101000101111100}
400;37;{10000101010001001110}
305;24;{10100100000100100010}
483;35;{11101100010100110100}
339;30;{10100000010100101101}
460;31;{11001001010001101100}
373;22;{10001100010001100100}
309;24;{10000001000001101010}
345;30;{10110001010100001001}
466;32;{10101100110100100010}
335;48;{01000011001010001110}
397;30;{11101000010100101000}
377;31;{11100000001110100010}
404;29;{11101001000100101000}
769;61;{11111101110101111110}
437;33;{10101100100100100011}
472;46;{00101100110101001110}
742;57;{11111101110101101110}
502;52;{00110101011111001010}
346;27;{11001000010000111000}
621;59;{10111011010101111110}
769;61;{11111101110101111110}
549;52;{11011001001011011110}
266;28;{10000101000000001010}
241;24;{10000100000001011000}
396;32;{10101100100100000110}
319;23;{10100000000101110010}
495;41;{01111101010100101000}
261;26;{11100000000100011000}
279;33;{10000000000001011111}
191;17;{00001100000001000001}
499;43;{10111101000100101010}
379;23;{11001100000001100100}
572;44;{10111101010101101001}
464;60;{01011111000000011111}
510;42;{11110001000101111010}
731;63;{11111111110101101010}
622;54;{01111101110100111010}
323;20;{10101000010100100001}
287;25;{01000000001011100010}
359;25;{10100100100100100010}
89;5;{10000000000000010000}
423;48;{10001011000000111111}
181;16;{00100000000100110001}
362;36;{11010011000001001100}
216;13;{10100000000100100001}
546;48;{11011101010001011010}
611;50;{11101001010101111110}
231;24;{10000010010001000010}
403;33;{11001100000001101001}
468;40;{11110001000100101110}
514;53;{01100110110101101010}
742;57;{11111101110101101110}
525;50;{01111101100100001110}
303;24;{10100100100100000010}
227;25;{10100110000100000000}
303;24;{10100100100100000010}
370;35;{10101110000101000100}
358;28;{11100100100100000010}
380;34;{11000101000001001101}
172;16;{10000100000000010001}
386;55;{00001111001010001011}
366;34;{10001000000001101111}
610;49;{11011101010001101110}
537;52;{01010101010001111111}
349;42;{10001111000000011001}
611;68;{00111111001111101011}
413;25;{11100100010101100000}
530;54;{11100101010100011111}
337;37;{10001100010000001011}
204;20;{10000000000000111001}
366;29;{10101100000101000101}
528;48;{10100101101111001010}
547;55;{10011011001011101110}
268;18;{11000001000000101000}
588;63;{00110101111110011111}
138;6;{10000000000000100001}
349;25;{10101001000100101000}
359;25;{10100100100100100010}
484;38;{10011001010001111010}
256;31;{11000011000000001001}
701;54;{11101101110101101110}
711;57;{11110101110101111110}
428;48;{11010011000001001111}
769;61;{11111101110101111110}
388;39;{00101100100101001010}
685;54;{11111101100101111010}
519;47;{10101100110101001011}
227;25;{10100110000100000000}
461;35;{10101101010100101000}
367;37;{01110101000100001100}
157;13;{10000001000000001000}
420;39;{11011101000000001010}
418;32;{11101100000100100010}
742;57;{11111101110101101110}
564;58;{11001110010001111110}
440;37;{11011001000000111010}
397;32;{10001110010001100100}
435;44;{11101010000101010110}
577;58;{00100101111111011110}
527;51;{11000101011011011010}
183;12;{10001100000000000000}
276;21;{10000101000000101000}
176;6;{10001000000000100000}
701;54;{11101101110101101110}
213;14;{10000001000000101000}
706;69;{11111111101111001010}
164;18;{10000100000000001000}
255;32;{00101010000100101000}
586;55;{11100101010100111111}
441;46;{00110101000100111110}
378;39;{01100100100100010111}
339;30;{10110101000100001000}
608;53;{01100101110101111110}
495;49;{11100100010100111011}
526;49;{01011101000001111110}
573;62;{00111111000101111110}
637;53;{11111101100101001110}
499;43;{10111101000100101010}
271;30;{00100101000100001100}
409;36;{10110101000101001001}
125;8;{10000100000000000000}
602;60;{11110111110100001110}
296;27;{10000101010000011000}
625;57;{11011001001011111111}
302;33;{11100110000100000001}
363;29;{10001100000001101100}
462;37;{10010101010001101010}
223;19;{10100100000100000001}
455;30;{11001100010001110100}
481;51;{01101000011110101011}
433;36;{00101100110101000110}
387;50;{00010011010001011111}
520;51;{11100110100100110111}
435;47;{01111011010100001100}
558;48;{10110101110101001011}
254;13;{10101000000100100000}
447;43;{01011001010000111011}
304;29;{01100000010100111000}
549;50;{11100100110100111011}
666;66;{01110111110101101111}
427;41;{10100111010100101000}
701;54;{11101101110101101110}
320;36;{10000110010000111000}
559;68;{01011111001011011011}
742;57;{11111101110101101110}
753;64;{10101101111111111110}
353;43;{00000110011010100110}
184;29;{00000100000000011101}
742;57;{11111101110101101110}
626;56;{11011101001011101011}
699;70;{01111111111110101010}
227;25;{10100110000100000000}
303;24;{10100100100100000010}
311;32;{10100110010100000100}
617;51;{10101101100101101111}
291;20;{10100000010100100010}
600;71;{01011111001010111111}
430;35;{10001101000001101010}
373;22;{10001100010001100100}
468;34;{10001101010001101100}
304;28;{01100001000100101001}
742;57;{11111101110101101110}
153;15;{00001000000000101000}
393;26;{10001100010001100101}
321;30;{01101000010100000110}
270;28;{00100010000101110100}
678;71;{01101111111110101011}
261;19;{10101100000100000000}
158;18;{00000100000000101000}
286;17;{11100000000100100100}
378;47;{00101011000101011010}
355;26;{10100100000101100010}
335;29;{10000001010000111010}
240;32;{00100010010101001000}
608;52;{10111101100100101111}
464;62;{00101111001110001011}
599;62;{01111011010101111011}
303;44;{00001011001010001010}
707;57;{10111101110101101111}
437;50;{01011011000000111110}
337;25;{10001100010001000101}
368;39;{10001001001010011010}
769;61;{11111101110101111110}
261;27;{11001000000000011001}
572;57;{11110111010101001101}
376;35;{10101101000100001001}
261;19;{10101100000100000000}
220;20;{10000101000000001000}
421;47;{11000111000000101011}
535;45;{10100101010101111101}
417;35;{10100110010101100100}
567;51;{10101101110100011110}
425;39;{11101110000101000100}
433;45;{11011111000000001100}
456;31;{11101100010100100100}
296;25;{10000010010001100101}
203;15;{10100100000100000000}
167;19;{00100000000101001000}
422;36;{11100100000100110110}
339;44;{00000100001010101111}
557;42;{11111001000101111100}
146;8;{10000000010000000100}
502;50;{01110001010100111111}
555;45;{10011101010001101110}
662;54;{11110101100101111110}
187;15;{00000000000001100110}
661;66;{00111111110101111011}
575;52;{01011101010001111110}
141;14;{00100100000100000000}
561;46;{11011101000001101110}
769;61;{11111101110101111110}
303;24;{10100100100100000010}
443;29;{10101100010101110000}
97;5;{10000000000000000100}
208;33;{00000010010001001010}
288;23;{10101100000100010000}
316;37;{00000101000001011110}
335;42;{10100010000101011101}
393;26;{10001100010001100101}
410;30;{10000101010001101100}
419;31;{10001101000001101100}
436;32;{01101100010101110000}
742;57;{11111101110101101110}
302;15;{10001000010001110000}
551;38;{10101100110101100110}
606;59;{01011101001011111110}
213;14;{10000001000000101000}
168;4;{10000000000001100000}
433;36;{11110001000100101010}
179;18;{10100000000100001000}
728;58;{11101101110101111110}
435;51;{10100110110100001011}
491;35;{11100100100101110010}
657;51;{11111101110100101010}
304;35;{01100000000101011101}
610;49;{11011101010001101110}
720;58;{11111101100101111110}
645;52;{11101100110101101110}
292;38;{10100010000100010111}
313;29;{01001000010001000111}
526;42;{11011101000001101010}
292;22;{11100000000101010001}
405;43;{10110011000101001101}
456;38;{10100001010101101011}
319;34;{01001110010001000001}
240;23;{10000100010000000011}
276;27;{00100100100100000110}
393;39;{01100101000100101010}
543;53;{01110101110100011110}
742;57;{11111101110101101110}
393;26;{10001100010001100101}
503;58;{11100110001110101010}
690;60;{11111101100100111111}
601;56;{11011101010001011111}
634;48;{11111101010101111000}
231;11;{10000100000001100000}
405;37;{10110011010100101000}
181;9;{10000100000000100000}
287;24;{10101000000101001000}
577;48;{11110101100100111010}
187;9;{10000000010000100001}
447;39;{10010101010000101110}
762;61;{11111101110101101111}
553;44;{10111101100100101010}
246;11;{10100000000101100000}
418;35;{01101001010100111000}
538;51;{00110101110101011110}
176;6;{10001000000000100000}
108;9;{10000000000000000010}
769;61;{11111101110101111110}
562;56;{01110001011110111110}
339;28;{10100010010101100001}
198;12;{10101000000100000000}
459;50;{10110111000101001010}
251;30;{00010001010000001011}
427;35;{10110001010100101010}
441;36;{10101100010101000110}
687;53;{10111101110101101110}
246;24;{00100100000101000101}
393;33;{11000101000000111100}
517;44;{10100110110101100110}
679;55;{11101101100101111110}
352;32;{11001000010000010111}
176;6;{10001000000000100000}
419;42;{10100011010100101101}
176;6;{10001000000000100000}
448;38;{01101100010101101000}
314;33;{11100010000100101000}
744;68;{11111111100101111110}
271;17;{11100000000100100001}
637;51;{10111101110100101110}
364;50;{00110011001110001010}
445;34;{10100001010101101101}
610;49;{11011101010001101110}
220;20;{10000101000000001000}
282;28;{10100001000100011001}
846;77;{11111111111111101110}
322;43;{00100110000100111100}
167;12;{10100000000100010000}
409;46;{10100110100100010111}
367;45;{00110011000100111010}
203;15;{10100100000100000000}
140;8;{10100000000100000000}
693;54;{11111101100101101110}
234;26;{00010101000000001100}
615;60;{01101101011110101110}
631;52;{10111101110101001110}
368;35;{00110001010101001101}
344;25;{10101000010101010001}
344;22;{10100100000101100100}
324;19;{10001100000001100100}
397;50;{10100110010100011101}
213;14;{10000001000000101000}
464;56;{00100111110100001111}
379;39;{10100101000100001110}
418;48;{10110111000100001101}
647;66;{10101111001111101110}
358;40;{00101000011110010011}
174;17;{00100000000101000010}
208;22;{00100000000100101100}
326;33;{01100100000100101100}
664;55;{10111101110100111110}
445;53;{00101111100100011010}
607;70;{11100111011110001111}
742;57;{11111101110101101110}
744;67;{11111101101111011110}
290;24;{01000001010000101100}
471;53;{11011111000000011010}
594;51;{11100100011111100111}
275;23;{11000100010000000010}
329;24;{10100100010101010000}
125;8;{10000100000000000000}
227;17;{10000100000000100010}
353;48;{01000110010001011010}
361;28;{10101100100100000010}
383;35;{10100110100100100010}
356;31;{10101101000100001000}
593;63;{01101011010101111111}
707;53;{11111101110101101010}
416;48;{10010111010000011101}
665;66;{11111011001111101011}
468;34;{10001101010001101100}
575;52;{01111101100101001110}
305;43;{00100000001110011110}
359;25;{10100100100100100010}
230;12;{10000100010000100000}
636;64;{01101100011111111110}
211;20;{00100100000101000001}
487;43;{11010101010000101011}
662;72;{11011111001010111111}
483;44;{10101101100100011010}
449;43;{01101101100100001010}
769;61;{11111101110101111110}
728;58;{11101101110101111110}
781;64;{11101101111111101110}
409;27;{10100100100101100010}
400;42;{01111001000100011010}
185;35;{00000010010000011010}
688;56;{11111101010101101110}
497;54;{11000111010000111011}
307;22;{11100100010100000000}
742;57;{11111101110101101110}
232;19;{00100100000100100100}
411;35;{11101101000100001000}
559;55;{10100111010101111101}
183;12;{10001100000000000000}
545;49;{00110101100101111110}
612;58;{10101111110100111010}
265;25;{00001100010000101000}
494;44;{10101101000100111101}
389;32;{10100101000100101100}
405;36;{01001101010001001100}
484;51;{00011101010001011111}
475;52;{01101010011111000110}
458;43;{11100110100100100011}
593;63;{11000111001011111110}
374;36;{10010001001011001010}
213;14;{10000001000000101000}
268;28;{01000110000001100001}
465;39;{10100101010100111100}
196;9;{10100000000100100000}
592;59;{00111111100101111010}
716;70;{11101110110101111111}
742;57;{11111101110101101110}
456;48;{10111111000100001100}
624;55;{11111101010101011010}
742;57;{11111101110101101110}
468;56;{11100110100100011011}
485;48;{01111001000101011110}
444;42;{10101001000101001111}
358;35;{10001111000000101000}
337;25;{10001100010001000101}
576;57;{00111111010101111100}
270;22;{10000101000001001000}
360;24;{10101100010101000000}
258;23;{10100100000100000101}
189;27;{00000010000001101001}
249;23;{10100100000100000010}
296;27;{10110001000100001001}
551;38;{10101100110101100110}
399;42;{11010001001010001011}
279;22;{00100001000101101000}
485;44;{10101101000100111010}
214;22;{00110001000100001000}
297;22;{00101000000101100101}
249;38;{01000010000001001110}
305;24;{10100100000100100010}
332;28;{10100100000100110010}
114;21;{00000110000000010000}
160;12;{10100000000100000001}
239;13;{10001100000000100000}
665;56;{01111101110101101011}
501;38;{11101100100101000110}
693;54;{11111101100101101110}
632;58;{11111111100100101010}
769;61;{11111101110101111110}
96;11;{00000000010000010001}
789;65;{11111101110101111111}
692;55;{11111101110100101110}
303;24;{10100100100100000010}
641;60;{10001101011011111111}
261;27;{00100100100100000011}
352;28;{01100100100100100010}
408;41;{01001001010001001111}
413;39;{11001001000001011011}
125;8;{10000100000000000000}
314;26;{10100100010100010100}
372;33;{11000100000001111001}
433;57;{01000111001011001011}
468;34;{10001101010001101100}
286;21;{10001100000000110001}
540;54;{11101110000101101101}
161;18;{00100100000100000001}
359;46;{01000100011010011010}
530;59;{10101110010100101111}
313;27;{10101000010100000011}
409;36;{10100101000100101101}
288;33;{10100100000100001010}
252;31;{10100010010100001000}
226;8;{10001000000001100000}
118;2;{10000000000000100000}
558;59;{11101111000101011010}
346;25;{11100001000100101000}
330;33;{01000001010001001110}
175;12;{10100000000100000100}
258;32;{00101100000100001001}
300;21;{10101000000100100010}
692;55;{11111101110100101110}
769;61;{11111101110101111110}
315;42;{10010011000000011011}
484;41;{11001011010001101100}
242;20;{10001000000000111000}
158;18;{00100010000100100000}
442;35;{11100001000101101010}
371;40;{01000100000001111110}
220;20;{10000101000000001000}
298;26;{10100100010100000010}
558;47;{10111101010101011100}
616;56;{11111111010100101100}
385;27;{10101000000101100110}
466;35;{10111001010100111000}
352;27;{10100100110100000010}
451;29;{10101100010101100100}
546;41;{10101101010101101100}
742;57;{11111101110101101110}
391;38;{01100100100100101010}
438;32;{11001001000001111100}
301;21;{10101000000100110001}
324;39;{10101110000100001000}
118;2;{10000000000000100000}
451;51;{10110011000101001111}
528;47;{11011001001010101110}
331;38;{11000011010000001010}
692;60;{11101100110101111111}
631;53;{11111101000101111010}
661;63;{11011111010001111110}
512;50;{11101110010101010010}
338;44;{00001110010001001101}
261;19;{10101100000100000000}
397;39;{11100011000100111000}
245;26;{00101100000100000010}
246;36;{00100110000100000110}
568;51;{11101110010101110010}
255;24;{10000101000000001100}
201;22;{00001110000000100000}
666;70;{00101111101111111110}
368;41;{11000011000001011101}
382;30;{00100100100101100110}
311;21;{10101100000101000000}
649;56;{01110101110101111110}
698;60;{11111101110101011011}
359;23;{10101000000101100101}
509;58;{00101110011110100111}
196;9;{10100000000100100000}
387;33;{11000100010001010110}
568;53;{11101100010100111110}
213;14;{10000001000000101000}
320;40;{01110011000100011000}
289;33;{00000100010000111101}
276;27;{01011001000000011000}
675;66;{10111111110101001111}
452;33;{10101100100100100110}
414;33;{10100100100100100111}
70;6;{00000000000001000001}
49;3;{00000000010000000000}
678;56;{11111101110101011010}
610;52;{00111101110101101011}
649;62;{10111111010101111010}
636;59;{01101101110100111111}
670;54;{11100101110101111110}
384;34;{10101110010101000000}
366;23;{10101100010100100000}
442;44;{10111011010100001100}
400;46;{10101110010100011000}
624;55;{11111101010101011010}
394;45;{00001101000001011111}
354;33;{10100100000101000111}
323;37;{00101110100100000010}
426;43;{01100101100100001110}
688;56;{11111101010101101110}
246;26;{11000100000000011000}
344;39;{00100110000101110010}
415;39;{11100101000100011100}
412;61;{01001110001010011011}
171;17;{10000000000001001001}
606;42;{11101100110101100110}
259;16;{10100100000100100000}
729;68;{11111111100101111011}
176;6;{10001000000000100000}
352;39;{00100110000101100110}
268;18;{11000001000000101000}
286;17;{11100000000100100100}
368;26;{10100000010101110010}
514;62;{01011111000001011111}
322;33;{11001010000001010010}
413;38;{00101100010101101001}
462;55;{10001011001011011011}
414;33;{10100100100100100111}
711;57;{11110101110101111110}
282;19;{10101000010100000100}
575;45;{11011101010001101010}
678;56;{11111101110101011010}
662;64;{11111111010100101110}
624;55;{11101101010100111110}
822;67;{11111101111111101110}
634;64;{10111111010100111110}
175;12;{10100000000100000100}
157;13;{10000001000000001000}
216;13;{10100000000100100001}
258;15;{10000100000001110000}
300;48;{00000011001010001111}
358;28;{11100100100100000010}
342;26;{11100100010100000100}
487;49;{10011011000001101111}
287;17;{10001000010000110100}
376;39;{10001001001010001110}
406;32;{10101100010101000010}
286;15;{11000100000001100000}
463;43;{01100100001111100110}
513;45;{11001101010001001110}
298;27;{10101010000100100001}
312;19;{10000001010001101000}
630;58;{10111101010100111111}
626;59;{11101111100100101110}
288;23;{10101100000100010000}
190;17;{00100100010100000000}
411;45;{01010101010000011110}
499;60;{10100111010100011111}
299;25;{10100100000101000010}
462;43;{01011001010000111110}
484;55;{01010101011010001111}
742;57;{11111101110101101110}
480;52;{10111011010100011010}
388;32;{10101100100100010010}
183;12;{10001100000000000000}
638;61;{11110101001110111110}
307;35;{11001010000000010110}
453;49;{01111011000100101010}
180;24;{00100100000100001000}
493;58;{00100100011110111111}
516;45;{10100101100100111110}
251;36;{00000111010000001001}
392;39;{01010101000000111101}
497;50;{01101000001111101110}
337;32;{01000001010000111101}
440;52;{11100011001110001010}
394;36;{11001000010001001110}
561;50;{10101101100101001111}
505;43;{10101101110100001010}
515;50;{10100101001110101110}
363;49;{00000011001010111110}
502;50;{11101110100100010110}
501;52;{11001011010001011110}
249;36;{10100010000100001010}
666;50;{11101101110101101010}
605;61;{01101111110100111010}
303;33;{10001110010000010001}
262;17;{10000001010000101000}
580;51;{11011101010000101111}
742;57;{11111101110101101110}
742;57;{11111101110101101110}
557;56;{10011111000001111110}
765;64;{11111101101111111010}
630;58;{10111101010100111111}
709;64;{11111111100101111010}
338;18;{10001100010001100000}
342;31;{10101100000100000110}
535;54;{11101111100100001010}
183;12;{10001100000000000000}
360;25;{01101100000101100000}
308;37;{10100100000100001011}
707;53;{11111101110101101010}
307;29;{00101000010100111000}
338;30;{11100110000100100000}
255;24;{10000101000000001100}
604;70;{00101111011110101111}
303;33;{10001110010000010001}
489;45;{11110001000101011110}
253;21;{01001100000001010000}
395;47;{00101100010100011110}
590;67;{10110111101110011011}
195;14;{10000100000001000001}
254;13;{10101000000100100000}
206;20;{10000100000000000110}
480;54;{00011101001011011011}
376;24;{11001001000001101000}
347;34;{10010011010000101001}
547;62;{00011111011010101110}
713;60;{11111101110101011110}
665;56;{01111101110101101011}
340;35;{10010011000000111100}
663;56;{11101101110100111011}
423;52;{11010011001010001011}
638;50;{10111101100101101110}
440;42;{01110001010100101011}
440;38;{11011011010000101000}
304;35;{00000001001010111010}
648;65;{01111111110101001110}
742;57;{11111101110101101110}
338;28;{10100100100100000110}
426;52;{10011011001010001011}
556;41;{11011101010001111000}
402;39;{10101101000100001010}
261;23;{10010101000000001000}
533;49;{11001101010001001111}
319;27;{10011101000000001000}
327;34;{10100110100100000010}
521;47;{10100100101110110111}
445;44;{01101101000101001010}
450;32;{11101100010101000100}
502;35;{10101100100101100110}
331;26;{00101100010100110000}
550;56;{10001111010001111011}
231;10;{11001000000000100000}
439;34;{10001100010001100111}
352;38;{01101010000100100110}
274;32;{00000110000001100110}
416;29;{10010101010001101000}
253;20;{10101000000100000101}
402;45;{10011011010000011010}
203;15;{10100100000100000000}
231;10;{11001000000000100000}
118;2;{10000000000000100000}
462;42;{11001111010000101000}
417;27;{11011001000001101000}
441;47;{11010011000000111110}
849;71;{11111101111111111110}
707;53;{11111101110101101010}
436;41;{00011101000001111010}
758;66;{11101101111110111110}
310;22;{10101100010100000000}
120;5;{10001000000000000000}
260;27;{00000000011011000110}
317;37;{00100100000100101110}
530;55;{01111011000101111010}
550;50;{10110101110100011110}
335;33;{10101100000100001100}
372;24;{11101100000100100000}
411;43;{11000110010001010110}
437;45;{10110001001110001110}
467;36;{11001100010001101100}
460;41;{10101100010100101101}
451;29;{10101100010101100100}
441;36;{10101100000101101100}
397;42;{00010101010000111011}
343;23;{10100100010100100100}
447;42;{11001011000001111001}
236;13;{11000100000000100000}
339;30;{10110101000100001000}
526;49;{01011101000001111110}
789;65;{11111101110101111111}
391;53;{00010011001011001111}
207;28;{00100100000100011000}
400;39;{01000101010000111101}
527;41;{11110101000101111000}
488;49;{00110101110100011110}
714;57;{10111101110101111110}
711;57;{11110101110101111110}
728;58;{11101101110101111110}
769;61;{11111101110101111110}
742;57;{11111101110101101110}
157;13;{10000001000000001000}
414;29;{11100100100100100010}
597;58;{01100101111111011010}
259;16;{10100100000100100000}
303;24;{10100100100100000010}
359;25;{10100100100100100010}
411;30;{10101100100101000010}
387;52;{01001010001011001110}
514;55;{01011101011010011010}
449;57;{00001011011011011011}
468;34;{10001101010001101100}
439;36;{00011101010001111000}
437;39;{00001100011011100110}
235;19;{10100000010100000010}
474;34;{11001100010001100110}
176;18;{00100100000100000100}
453;33;{10100101010101101000}
416;35;{10100100010100110110}
303;16;{10101000010100100000}
386;40;{10001101000000011110}
438;50;{00100100011110111010}
581;50;{11011101000001101111}
374;36;{10000001001010101110}
596;49;{11101100100101101110}
502;55;{00101110110100101110}
742;57;{11111101110101101110}
714;57;{10111101110101111110}
553;59;{10100100111110011111}
216;13;{10000100000000100100}
708;76;{01111111001111111110}
522;54;{01101100111110001010}
267;19;{10001100010000000100}
326;23;{10000101000001101000}
353;38;{01100101000100011100}
399;36;{10000111010001101000}
218;16;{10001100000000000100}
387;28;{11110001000100101000}
356;31;{10101101000100001000}
376;34;{00100101010100101100}
314;26;{11000001000000101010}
468;34;{10001101010001101100}
311;21;{00001100010001100100}
494;51;{00101101010101001111}
643;58;{01111001011111101110}
144;16;{01000000000001001000}
213;14;{10000001000000101000}
632;55;{11010101011011101110}
427;48;{10100110101110000011}
367;32;{10100100000100110110}
739;63;{11111101110100111111}
673;62;{10110101111111001111}
430;36;{01100100110101000110}
210;14;{00000000010001100101}
587;51;{11011101010000111110}
297;35;{00001101000000001110}
769;61;{11111101110101111110}
383;45;{00011111000000101010}
769;61;{11111101110101111110}
361;37;{00011101010000001101}
742;57;{11111101110101101110}
380;31;{10101000001110100010}
300;29;{10101100000100001000}
502;50;{11101100100100011011}
512;41;{10101101100100101010}
257;30;{00100100000101011000}
282;21;{11000100000000100010}
365;24;{10101000010100110100}
308;19;{10100100010100100000}
349;30;{10000000001011100111}
443;30;{11010001010001101100}
485;44;{00111101100101001010}
360;24;{10101100010101000000}
497;37;{10101100010101100110}
554;57;{01011011011011101010}
483;41;{10100100100101101110}
331;25;{10101100000101000001}
181;9;{10000100000000100000}
366;43;{01001100000001001111}
234;23;{11001000000000001001}
849;71;{11111101111111111110}
324;25;{11100000000100110010}
340;28;{10100100000100100110}
203;15;{10100100000100000000}
688;56;{11111101010101101110}
604;49;{01101101110101101010}
672;57;{11101101110101011110}
491;55;{01110001011110011011}
742;57;{11111101110101101110}
807;67;{11111101111111101011}
674;57;{11101101010101111110}
342;34;{10100100100100001010}
662;60;{10101111110101111010}
575;61;{11110111000100101111}
409;48;{01000111000001101011}
207;15;{10000001000001001000}
621;62;{11110111100100111011}
106;3;{00000000000001100000}
224;13;{10000100010001000000}
266;24;{01100100000101000001}
148;13;{00000100000001000100}
535;58;{11101110011110000011}
324;19;{10001100000001100100}
376;26;{10100000010101100110}
319;38;{11000111000000001001}
318;34;{01100000010101011001}
657;51;{11111101110100101010}
329;30;{11000010000001110101}
509;51;{11010011001011101010}
251;13;{11100000000100100000}
219;26;{00100000000100101010}
240;23;{10100010000100100001}
417;43;{11000111000000111100}
557;48;{11100110110101100011}
463;32;{11100100110100100010}
693;54;{11101101110101111010}
656;53;{10110101110101111110}
728;58;{11101101110101111110}
415;36;{00110001010101101010}
455;59;{01010111010000011111}
319;28;{11101000000100000011}
378;41;{01101110100100000010}
323;28;{10100100100100000011}
742;57;{11111101110101101110}
271;18;{10001001000000101000}
317;20;{10101100000100100000}
208;24;{10000010000000100011}
270;16;{11000000000001110001}
205;19;{10000110000000100000}
684;61;{11111101100101011111}
140;9;{10001000000000000001}
283;18;{10101000000101000100}
389;28;{00101100010101100100}
370;41;{01100010010100110110}
447;45;{10100111010100101001}
254;22;{01101100000100000000}
551;38;{10101100110101100110}
525;52;{00101101011110101010}
440;41;{11000111000001101100}
495;37;{10101100110101000110}
548;56;{01100111100101111010}
651;59;{01111101110101011110}
390;36;{01001101010001001001}
305;20;{11000000000001110101}
336;21;{11101000000100110000}
230;14;{11000100000001000000}
373;35;{10001001000001011110}
254;13;{10101000000100100000}
434;39;{10000101000001111110}
435;35;{10011001000001111010}
693;54;{11111101100101101110}
769;61;{11111101110101111110}
421;46;{01001111010001011000}
298;27;{00100001010100101001}
672;60;{00111101110101111111}
466;49;{10101000001110111011}
326;22;{11001001000000101000}
438;46;{01000101011011001010}
194;19;{10001000000000001100}
591;57;{00111101101110101011}
769;61;{11111101110101111110}
324;31;{10101010000100100010}
538;41;{10111101000101101100}
418;48;{10001111000001001011}
483;34;{10101001010101101100}
353;34;{10100100000100101101}
478;33;{10101100010101110100}
454;31;{11101001000101101000}
490;45;{11100001010101001111}
307;27;{00001100010000100110}
365;32;{10100010010101100010}
502;62;{10000111001011011111}
435;44;{11101110000100101000}
309;17;{11101000000100100000}
270;27;{01001000000000111100}
268;29;{00100000010100101010}
500;47;{11100110100100110110}
693;54;{11101101110101111010}
748;62;{11101101110101111111}
592;67;{00110111101110101111}
651;52;{11101101110100101110}
431;34;{10101100100101000011}
675;61;{11111001011110101111}
455;40;{10011011010001101001}
348;27;{11101000000100101000}
375;32;{11001000010001011100}
254;20;{00101000000100110100}
317;20;{10101100000100100000}
250;21;{10001001000000001100}
442;45;{10101100001110000111}
312;33;{00001101000001001010}
417;29;{10101100100100100010}
62;1;{10000000000000000000}
343;35;{10100000000100111110}
483;43;{01101101010101001100}
185;18;{00010001010000001000}
476;44;{10110001010101001111}
438;49;{11101010000100101011}
312;30;{00100000000101110111}
365;39;{11101010010100001000}
294;21;{10100000010101000101}
140;22;{01000000000000001010}
213;14;{10000001000000101000}
176;6;{10001000000000100000}
438;42;{11010101010000011010}
219;17;{00001000010001010100}
318;24;{10100000010100110010}
321;34;{00100110100100100010}
161;6;{10000000010001000000}
621;49;{10110101110101111010}
498;53;{01100101101110011010}
658;54;{10111101100101101111}
167;12;{10100000000100010000}
707;53;{11111101110101101010}
669;62;{11101110110101101110}
254;35;{01000010011010000010}
621;49;{10110101110101111010}
769;61;{11111101110101111110}
728;58;{11101101110101111110}
417;29;{10101100100100100010}
714;66;{01110101111111111011}
281;17;{10101000000100110000}
210;13;{11001000000000000100}
658;50;{11111101100101101010}
257;13;{11000000010000100100}
460;38;{11101101010100001000}
494;44;{00011101010001111101}
271;18;{10001001000000101000}
395;35;{01110001010101011000}
719;59;{11111101110100111110}
363;28;{10101100000100100010}
440;37;{10101100010100101100}
358;41;{10000110001010110010}
274;17;{10001100000000100100}
435;40;{00100101110101001010}
361;29;{10001010010001110100}
231;13;{10100000000100100100}
281;17;{10101000000100110000}
434;44;{01011011000001101101}
371;35;{01110001000100101010}
438;46;{10010101010000011111}
510;60;{11001111001010011010}
849;71;{11111101111111111110}
637;53;{11011101010001111110}
742;57;{11111101110101101110}
585;58;{10101010011111110111}
595;46;{11100100110101110111}
621;49;{10110101110101111010}
456;43;{01111001000100111010}
309;19;{10001100000001100001}
545;59;{00111111010100101110}
466;32;{10101100110100100010}
449;57;{00011011001011001111}
468;34;{11101100000101100010}
373;34;{10101010010100100010}
452;33;{10101100100100100110}
509;40;{11101000010101111100}
409;38;{10100101010100011100}
557;45;{10101101010101101010}
516;34;{10101100110101100010}
494;35;{11111001010100101000}
392;33;{10000100001011100110}
551;38;{10101100110101100110}
197;15;{00100100000100100000}
176;6;{10001000000000100000}
390;44;{00011011000001101011}
713;60;{11111101110101011110}
308;26;{11000000000001101010}
450;42;{00111001010100111010}
203;8;{10000000000001100100}
153;6;{10000000000000100100}
357;29;{00101000010101100011}
303;16;{10101000010100100000}
557;45;{10101101010101101010}
739;70;{11111111010101111110}
631;57;{10111101000101111111}
585;49;{10111101000101111101}
202;23;{00000000001010100011}
520;44;{10101100001111110010}
450;35;{11110101000100101000}
274;34;{00100000000100101111}
198;12;{10101000000100000000}
296;27;{10110001000100001001}
338;49;{01000111000000001111}
303;18;{11101000000101000000}
538;41;{10111101000101101100}
457;46;{10101110000101111000}
524;42;{10101101000101111100}
561;52;{11101111000101101001}
742;57;{11111101110101101110}
634;64;{11101111000101111011}
330;36;{10001110000001010010}
697;64;{10101111110101111110}
394;32;{10110001000100111100}
500;49;{11001000011010101111}
664;66;{11100111110100111111}
252;11;{10000000010001100100}
524;47;{11101000001111101010}
332;24;{10110001000100101000}
317;20;{10101100000100100000}
306;28;{10101000000100010110}
372;48;{00010101001010011011}
531;50;{11011101010000011110}
742;57;{11111101110101101110}
600;71;{01011111001010111111}
769;61;{11111101110101111110}
352;37;{10000000011010101011}
411;44;{01001001001011011010}
337;44;{00000010011010110111}
546;45;{11110101000101101010}
344;23;{10001100000001100101}
446;58;{00101100001110011111}
531;61;{10001111001010111011}
118;2;{10000000000000100000}
386;36;{10001100001011010010}
363;28;{10101100000100100010}
280;13;{11001000010000100000}
459;45;{11000101000000111111}
327;44;{10101010000100001011}
371;32;{01101000010101000110}
517;54;{10010111001011101010}
346;39;{01101010000101000110}
551;38;{10101100110101100110}
453;33;{10100101010101101000}
490;40;{10101101010101001100}
482;40;{11011001010000101011}
379;31;{11000100000001110011}
216;13;{10100000000100100001}
468;47;{11011111000001001001}
336;41;{00100111000100101001}
589;47;{10101101100101111010}
423;37;{10101011000101101000}
435;35;{11101000001110100010}
488;49;{01010101000001111111}
742;57;{11111101110101101110}
742;57;{11111101110101101110}
631;53;{01111101100101101110}
676;71;{11011111011010111011}
559;51;{11110111000101101100}
789;65;{11111101110101111111}
293;37;{01011011000000001001}
352;31;{11100000000100111100}
452;36;{11001100010001101001}
323;36;{10001110000001000011}
452;37;{11001101010001001001}
389;33;{10101000000101101010}
416;32;{11101100100100000010}
293;24;{10101001000100001000}
481;44;{11000111010001111000}
398;35;{10100100100100101010}
373;35;{01100000010101101010}
327;31;{00110101000101001000}
305;24;{10100100000100100010}
617;62;{10110111110101001111}
432;32;{11001100010001101000}
208;20;{00000100010001000010}
672;56;{11101100110101111110}
533;51;{11010001011011001111}
222;20;{10100000000100010101}
568;62;{01110111100101011110}
374;35;{10101000000100101110}
353;18;{10101000010101100000}
429;43;{10101010010101010110}
742;57;{11111101110101101110}
471;38;{10110101010100111000}
631;52;{10111101110101001110}
619;53;{10101101010101111110}
478;50;{01011001001010111011}
688;56;{11111101010101101110}
711;57;{11110101110101111110}
769;61;{11111101110101111110}
184;16;{10000000000000111000}
431;47;{11000110000001111101}
317;20;{10101100000100100000}
254;13;{10101000000100100000}
176;6;{10001000000000100000}
486;50;{11001010011011010110}
585;59;{10101110100101101111}
339;19;{10101000000101100100}
556;67;{11000111011010011111}
387;45;{00101110000100110110}
373;22;{10001100010001100100}
445;35;{10101100110100000110}
791;67;{11110101111111111110}
370;23;{10001001010001101000}
642;62;{10111111010101101011}
224;16;{10001000010000000101}
354;27;{10100100010100100010}
220;34;{01000011000000001010}
464;52;{10100110001110100111}
480;34;{11011101000001101000}
363;28;{10101100000100100010}
474;60;{01010111001011001011}
448;38;{10010101000001101110}
213;14;{10000001000000101000}
186;34;{00000010000001011010}
597;53;{11110001011110101110}
654;59;{11100101011111101011}
679;55;{11101101100101111110}
176;6;{10001000000000100000}
500;50;{10101100010101001111}
738;67;{10111111110101111110}
323;47;{00001010001010101011}
349;28;{10100100010101010001}
494;58;{01010011001011111011}
271;18;{10001001000000101000}
508;60;{00110111010101011110}
609;68;{10101110101111001111}
270;22;{10000101000001001000}
62;1;{10000000000000000000}
376;36;{10101100010100011000}
268;29;{00010001000001011101}
203;15;{10100100000100000000}
377;29;{10001101010001001000}
322;31;{10110001000100001010}
324;19;{10101000000101100001}
464;36;{01101100010101100101}
409;35;{10100100010100100111}
203;8;{10000000000001100100}
457;47;{11010011010001001110}
338;43;{11000110010000001010}
197;15;{00100100000100100000}
313;28;{01101000000100100011}
559;48;{10100100110101111110}
213;14;{10000001000000101000}
289;25;{10000100000000110110}
742;57;{11111101110101101110}
468;59;{00010111011011001011}
720;58;{11111101100101111110}
834;71;{11111101111111111011}
585;56;{11110111010100111100}
590;61;{01110111110101001110}
382;30;{11101010010100100000}
552;60;{10011111001010111010}
198;12;{10101000000100000000}
203;29;{01100010000100000010}
435;52;{01000101011010011011}
490;46;{01011101010000111010}
391;34;{10101100000100101100}
684;53;{11110101110101101110}
512;55;{01101110000101110111}
633;52;{10111101010101101110}
468;34;{10001101010001101100}
553;41;{11101100010101110101}
498;45;{11001111000001101100}
309;30;{10001100001010000010}
285;30;{11000011010000001000}
442;41;{10011101000001011010}
490;43;{10011101010000101011}
381;35;{01101100100100010010}
259;16;{10100100000100100000}
618;56;{11101101010101011110}
542;55;{10110111000101111010}
463;42;{11101000010100101011}
238;19;{10100100000100000100}
310;30;{00000101000001101010}
506;46;{11101001000101011110}
631;53;{01111101100101101110}
530;51;{01101101010101011101}
446;46;{10001011000001101111}
688;56;{11111101010101101110}
117;5;{11000000000000000000}
380;34;{11100100000100111000}
231;10;{11001000000000100000}
317;26;{10001001000000101010}
188;20;{10000010000000100010}
560;63;{01110111110100001111}
419;42;{11001100001010000111}
306;22;{10001001000000101100}
440;58;{00011011011010011011}
222;29;{00101000000100011001}
223;13;{10100000000100110000}
653;59;{10110111110101101110}
633;70;{00110111111110111011}
363;38;{10000101000001011011}
404;29;{11101001000100101000}
393;25;{10100100010101100100}
337;37;{10001110000000101100}
435;40;{10100101000100101110}
445;35;{10101001000101101010}
350;23;{10101000000101100010}
308;31;{10100000000100111010}
198;12;{10101000000100000000}
480;34;{11011101000001101000}
715;60;{11111101010101111110}
445;40;{11010101000000111010}
365;32;{01100000001111100010}
343;34;{10000101000001011010}
636;54;{11111101110100001110}
742;57;{11111101110101101110}
742;57;{11111101110101101110}
433;33;{11101000000101101100}
434;42;{10011101010000001011}
496;43;{11101110100100100010}
378;38;{01000100011011000110}
277;21;{10100000000100100110}
359;23;{10101000000101100101}
534;62;{00001111001011111110}
348;27;{11101000000100101000}
388;39;{00101010010101110010}
693;54;{11111101100101101110}
418;32;{10001101010000101100}
669;57;{10101101101111111010}
433;30;{10001101010001101000}
379;41;{10001100010000011110}
549;45;{10111101000101101010}
627;66;{11000111011011111011}
556;44;{10110101010101111100}
306;24;{10100100000100110001}
565;56;{10101111100101001110}
389;41;{00000001001011111110}
223;13;{10100000000100110000}
254;13;{10101000000100100000}
493;49;{11100100110100011011}
248;14;{10101000000101000000}
742;57;{11111101110101101110}
649;49;{11110101110101101010}
769;61;{11111101110101111110}
416;29;{10010101010001101000}
480;36;{11111001000100101100}
769;61;{11111101110101111110}
714;57;{10111101110101111110}
259;16;{10100100000100100000}
363;28;{10101100000100100010}
231;10;{11001000000000100000}
393;33;{10011001000000101110}
379;33;{10010001010001011101}
236;19;{10001000000001000011}
213;14;{10000001000000101000}
574;64;{10100111011111011010}
486;49;{01110001001110101110}
448;34;{10101100000101100110}
215;17;{10001001000000001000}
342;26;{10101000010100101000}
373;22;{10001100010001100100}
418;32;{10001101010000101100}
528;40;{10101100110100110110}
463;42;{11101000010100101011}
117;5;{11000000000000000000}
265;25;{00101010010100100000}
541;55;{10010111010001101111}
308;19;{10100100010100100000}
416;38;{10000001001011111010}
606;51;{10110101110100111110}
352;32;{10100100000100110011}
686;56;{11111101110101001110}
304;24;{10000110010001100000}
486;33;{11110001010101101000}
487;38;{10011101000001111100}
664;55;{10111101110100111110}
734;57;{11111101110101111010}
412;32;{10101101000100101000}
373;41;{10100010001110110010}
484;53;{10001111001010101010}
62;1;{10000000000000000000}
263;16;{10000001000001101000}
421;46;{01001101010000001111}
624;59;{10110101101111001111}
384;29;{10101001000100101100}
454;31;{11101001000101101000}
271;18;{10001001000000101000}
395;34;{11100001000101001101}
421;33;{00101001010101101100}
510;38;{10101001010101111100}
357;19;{11001000010001110000}
271;17;{10001000010000100010}
496;40;{11101100010101000110}
239;14;{01100000000101100000}
255;24;{10100001000100001001}
204;26;{00100010000100100010}
546;45;{01100101110101101010}
339;19;{10101000000101100100}
217;7;{10000000010001100000}
289;17;{10101000000100100100}
742;57;{11111101110101101110}
590;61;{11110111010101011010}
654;56;{11011001011011111110}
742;57;{11111101110101101110}
419;37;{10101100000101010110}
629;62;{00111101001111111110}
472;33;{11101100100100100010}
559;51;{10111101100100011110}
311;26;{10001000000001101010}
597;58;{11100000011111111111}
649;67;{11011011001011111111}
282;39;{10000011000000001111}
324;31;{10001100000000101010}
590;52;{11110001001111111010}
332;21;{10101000010101000100}
510;40;{11101101010101001000}
309;17;{11101000000100100000}
511;37;{10101101010101101000}
406;51;{00000011001011101111}
317;20;{10101100000100100000}
742;57;{11111101110101101110}
421;33;{10100100100100110110}
463;41;{11001111000001101000}
191;14;{10000000000000110010}
408;37;{10110001000101011101}
372;24;{11101100000100100000}
405;27;{10001001010001101100}
549;57;{10011111010000101111}
181;9;{10000100000000100000}
506;49;{10100110111111000010}
343;29;{11000010010001110001}
579;41;{11111001010101101100}
334;29;{00100000010101100111}
686;56;{11111101110101001110}
677;68;{10110111111111001110}
742;57;{11111101110101101110}
634;65;{01101110110101111110}
226;8;{10001000000001100000}
370;34;{00100100010101101100}
450;56;{01011011010000011111}
477;50;{00110101010101001111}
306;33;{00100100010101011000}
522;43;{11101110010101110000}
416;25;{10101100010101100000}
475;46;{00101100010101111101}
482;40;{10111101000101001100}
526;45;{10110101000101101110}
430;35;{10110101000100101100}
323;22;{11001100000001000100}
529;40;{10110101010101101100}
675;69;{01111111110101011110}
276;21;{10000101000000101000}
538;58;{10101110000101111110}
367;37;{01110101000100001100}
404;29;{11101001000100101000}
245;12;{10100000010100100000}
295;32;{00000101000000101110}
371;36;{00100110100101100010}
398;42;{10000101000001011111}
742;57;{11111101110101101110}
742;57;{11111101110101101110}
506;37;{11010101010001101100}
342;39;{00101100010100001101}
390;28;{11001100010000110001}
742;57;{11111101110101101110}
669;70;{11100111101111011110}
334;38;{00000100001011101010}
501;45;{10111101010100001101}
155;6;{00000000010001100000}
305;33;{00100001000101011101}
466;34;{11001100010001110010}
546;41;{10101101010101101100}
548;64;{01101110011110101010}
612;55;{10100101111111001110}
487;50;{01010101010000111111}
402;26;{10101100000101100100}
427;46;{00110111000101101001}
565;45;{10111101000101111100}
456;44;{10100100000101111110}
359;19;{11101000000101100000}
446;40;{11010111000001101000}
367;22;{10101100000101100000}
339;43;{01001010011010010010}
272;43;{00000010001010111010}
258;19;{11100100000100000000}
320;25;{00110001000101101000}
165;19;{01000100000000010001}
331;46;{10000110000001011011}
319;24;{10100010010101100000}
213;14;{10000001000000101000}
160;25;{00010011000000001000}
420;40;{10100101000100101011}
213;14;{10000001000000101000}
541;43;{11111001010100111001}
349;25;{10101001000100101000}
584;64;{01111011010100111111}
680;56;{01111101110101101110}
314;23;{01001001000001101000}
769;61;{11111101110101111110}
701;54;{11101101110101101110}
385;36;{10000110010001100110}
401;43;{10000110001011100011}
523;41;{10111101000101101001}
308;27;{11000001000001001010}
593;63;{11100110111110010111}
698;65;{01111101011111111010}
432;33;{11001101010001001000}
546;41;{10101101010101101100}
246;18;{00100000000101110100}
262;23;{10100000000100111000}
521;47;{10101100010101101011}
742;57;{11111101110101101110}
395;33;{01010101000001101100}
423;50;{00101111000101001101}
398;28;{10101001010100101000}
494;36;{10110101010101101000}
299;24;{11101000000100000010}
419;39;{11001011010000101001}
359;25;{10100100100100100010}
242;17;{10100000000100100010}
254;13;{10101000000100100000}
344;31;{00000100011011100010}
140;22;{01000000000000001010}
254;13;{10101000000100100000}
262;18;{00101000000101100001}
394;23;{11101000000101100100}
652;51;{11101101100101101110}
742;57;{11111101110101101110}
552;54;{10101100001111101011}
339;28;{11001001010000001001}
300;34;{00101100000100000111}
430;32;{11110001010101001000}
693;54;{11111101100101101110}
363;29;{10001100010001000110}
288;16;{10001100010000100000}
383;27;{10001000010001110110}
353;25;{00101000010101110100}
627;68;{11011111001010111011}
248;29;{00100110000100110000}
404;32;{10101000010100100111}
538;41;{10111101000101101100}
460;34;{10011101000001101100}
638;50;{10111101100101101110}
617;55;{11111111000101101100}
610;49;{11011101010001101110}
396;40;{00001101010001001110}
532;42;{11011001010001101011}
314;24;{10100100000100100101}
402;33;{11100100010100101000}
258;32;{00101110000100000100}
705;70;{11111111111110001010}
353;31;{01000101010000101100}
742;57;{11111101110101101110}
276;21;{10000101000000101000}
374;30;{11100000010100101100}
692;55;{11111101110100101110}
582;49;{11110101000101111101}
742;57;{11111101110101101110}
284;32;{10000011000000111001}
666;50;{11101101110101101010}
618;68;{10101110001111111110}
365;53;{01000111000000011111}
677;69;{01111111010101111110}
483;34;{10101001010101101100}
317;26;{10001001000000101010}
539;60;{10100111001110101110}
374;39;{00100101000100111101}
645;56;{10110101101111101011}
348;31;{10000000011010100111}
583;54;{11110001011111011010}
232;16;{01100000010101000000}
583;58;{10011101001010111111}
153;6;{10000000000000100100}
473;40;{01110101000101101100}
317;20;{10101100000100100000}
493;37;{10110001010101111100}
580;46;{10110101100101101110}
433;30;{10001101010001101000}
677;75;{00111111101110111111}
296;20;{00100100010101100000}
459;36;{01110001010101101100}
354;31;{10111001000100001001}
506;44;{10111001010101011010}
284;28;{10100000000101001101}
583;50;{10111101010100101110}
303;37;{01000000001010111010}
720;58;{11111101100101111110}
593;45;{11111101000101101100}
441;52;{00101100001111011010}
643;56;{10111101110101011011}
496;49;{10101011000101111010}
489;52;{01101110110100010110}
742;57;{11111101110101101110}
385;48;{10000010011011001110}
372;29;{11000001010000101101}
406;41;{00100101100101001011}
433;32;{10111001010101001000}
413;33;{01001100010001110101}
624;62;{10111111100100111011}
448;29;{11100100010101100100}
337;29;{10000000010001101110}
489;37;{10100100101111100010}
259;31;{00000100001011000011}
439;34;{10100101000101101100}
562;50;{00101101100101111110}
408;47;{00010011010001111011}
565;46;{10110101100101101011}
337;38;{01001110000000100110}
520;38;{10100100110101110110}
631;52;{10111101110101001110}
392;41;{01011111000000101000}
344;43;{00100111010100001100}
769;61;{11111101110101111110}
521;50;{10100001011110101111}
301;27;{00101100000100100010}
216;13;{10000100000000100100}
361;28;{10100000010101111000}
475;39;{10101110010101100100}
678;56;{11101101110100111110}
303;34;{01001110000000110001}
742;57;{11111101110101101110}
742;57;{11111101110101101110}
542;53;{01011001011010111110}
173;18;{00100000000100101000}
701;54;{11101101110101101110}
240;25;{00000001010001001010}
546;41;{10101101010101101100}
563;50;{10101101000101101111}
269;21;{10100000000100110010}
294;37;{01001010010000010110}
338;47;{00010111010000001011}
408;48;{00001011011010101010}
514;45;{11001101010001011101}
421;53;{00011011001011011010}
471;35;{10100100100101110110}
601;53;{01100101110101101111}
600;58;{10111101001111011010}
503;37;{10111101000101101000}
574;58;{01101100110101011111}
428;41;{11010001011010001010}
456;44;{11010001001011011010}
272;44;{00000011001010011010}
562;51;{10111111000101101100}
321;35;{10100010000100100111}
467;51;{01001101001011001011}
414;39;{01100001010100101110}
62;1;{10000000000000000000}
246;11;{10100000000101100000}
281;22;{00100100010100100100}
471;45;{00101101100101011010}
769;61;{11111101110101111110}
405;36;{10110001000100111010}
209;20;{00000100010001010001}
652;55;{11101100011111100111}
742;57;{11111101110101101110}
385;40;{10001011010001011001}
561;54;{10011011011011101010}
615;52;{11101110110101100011}
742;57;{11111101110101101110}
338;30;{01000000010001110111}
515;52;{10001100011010111110}
429;30;{10101100000101110100}
411;41;{01101100010100010110}
621;68;{01110111101111001110}
536;57;{01001110011011100111}
421;33;{11101100000101000101}
196;31;{01100010000100001000}
550;44;{11111001010101011100}
246;18;{00100000000101110100}
509;49;{11110111000100101100}
509;44;{10111101000101011100}
407;32;{11010101000000101100}
528;48;{10111101000101001110}
499;38;{11110001000101111100}
409;35;{11001101010000011000}
542;43;{10101100011111100010}
483;52;{01001111000001111101}
428;26;{11101000010101100001}
401;50;{11000110000001011110}
589;56;{00110101111110111010}
246;36;{00100110000100000110}
223;13;{10100000000100110000}
230;12;{10000100010000100000}
328;38;{01001000001011001010}
356;35;{01010101000000101010}
339;39;{00010001001011011010}
820;72;{11111101101111111111}
275;40;{00010011010000001011}
742;57;{11111101110101101110}
769;61;{11111101110101111110}
849;71;{11111101111111111110}
742;57;{11111101110101101110}
577;52;{01101101010101111010}
551;38;{10101100110101100110}
764;71;{11111101101111011111}
551;38;{10101100110101100110}
289;29;{10001011000001001000}
318;31;{10000100010001001101}
369;34;{11010001000001001011}
423;42;{11010111000000111000}
593;45;{11111101000101101100}
562;48;{11101011010101101100}
538;41;{10111101000101101100}
372;41;{00011001000001011111}
697;66;{11111111010101101011}
607;54;{11101100110100111011}
533;48;{11100101010101001110}
299;26;{10001100000001000011}
164;10;{10000000000000100010}
566;55;{10110101010101011111}
176;6;{10001000000000100000}
564;50;{11001001001011111110}
499;49;{00101101100101001111}
254;13;{10101000000100100000}
346;25;{11100001000100101000}
505;42;{11100101000101101010}
429;37;{11101010000101100010}
742;57;{11111101110101101110}
744;68;{11111111100101111110}
416;35;{11111001000100011000}
769;61;{11111101110101111110}
322;38;{01000110000001101100}
562;58;{11011111000000111110}
640;65;{11101110110101011110}
600;54;{11110101010100101111}
557;45;{10101101010101101010}
591;51;{11101100010101101110}
447;36;{00011101010001101100}
744;68;{11111111100101111110}
370;41;{10011111000000011000}
506;33;{11101100010101100100}
554;54;{01101100110101011110}
686;54;{11101101110101101011}
464;44;{00110101000101101110}
583;59;{01100101101111011110}
459;42;{10100110110100110010}
663;58;{11111101110100011110}
562;43;{10101101100101101010}
428;31;{10101100010100110100}
593;45;{11111101000101101100}
239;13;{10001100000000100000}
377;28;{10101010010101100000}
66;14;{00000000000000011000}
303;26;{10000001010001011001}
379;35;{00000100011011100110}
219;20;{10000000000000111100}
269;42;{01000010000001001111}
869;75;{11111101111111111111}
550;44;{11110101100100101010}
592;54;{01110101110100101111}
96;10;{00000000000001000010}
439;47;{01010111000001101101}
742;57;{11111101110101101110}
769;61;{11111101110101111110}
284;22;{10001000000000110110}
742;57;{11111101110101101110}
735;67;{11110111110101111110}
335;31;{00001100010001101001}
551;38;{10101100110101100110}
362;31;{10001101010000001100}
583;54;{11011101001010111010}
315;18;{10000100010001100100}
450;37;{10101000001111100011}
535;62;{11010111011010001011}
497;38;{10101101000101101100}
520;48;{00111101100101001110}
650;60;{11110101111110011010}
414;36;{10110001000100111101}
407;35;{10000101000001101110}
341;35;{11000100000000101011}
558;41;{11111101000101101000}
416;31;{10110001010100101100}
276;21;{10000101000000101000}
493;56;{01110111000100101110}
248;18;{10010001000001001000}
118;2;{10000000000000100000}
538;47;{11101100100100111010}
742;57;{11111101110101101110}
243;30;{10000000010000011011}
517;44;{11011011010001111000}
418;33;{11101010000101100100}
625;52;{00111101110101101110}
460;47;{10011011010001001110}
442;53;{01100111100100011010}
728;58;{11101101110101111110}
486;40;{01110001010101111100}
601;45;{11101101010101101100}
128;13;{10000000000000000011}
395;28;{10101100010101000100}
155;6;{00000000010001100000}
397;35;{10010001000001111011}
499;44;{10010001011011101011}
273;22;{00001100000001100010}
449;49;{01001101000001011111}
432;32;{11101010010101100000}
503;50;{10010011011011101010}
492;46;{11101100000100101110}
497;38;{10101101000101101100}
357;32;{00111001000101001100}
459;47;{00101111000101101100}
574;65;{10001111011011011011}
402;30;{10010101000001101100}
118;2;{10000000000000100000}
254;13;{10101000000100100000}
637;53;{11111001010101111011}
303;24;{10100100100100000010}
692;55;{11111101110100101110}
535;41;{11110101000101101100}
320;34;{10000110010000100011}
416;49;{10011111000000011010}
316;32;{01000010010001110101}
625;49;{11111001010101101110}
249;43;{00100010000100011110}
743;69;{11111111110100111110}
344;31;{00101100010101000010}
707;53;{11111101110101101010}
346;37;{11010011010000001001}
350;18;{11100000010101100000}
350;34;{00010101010000101010}
455;36;{10101101010101001000}
490;40;{10101101010101001100}
329;24;{10100100010101010000}
187;9;{10000000010000100001}
287;27;{00010001010000101010}
551;38;{10101100110101100110}
376;35;{10101101000100001001}
426;43;{01010101010001011010}
691;74;{00111111111110111011}
734;57;{11111101110101111010}
638;50;{10111101100101101110}
384;40;{11000111000001001100}
467;36;{11001100010001101100}
687;53;{10111101110101101110}
397;35;{01001100010001111000}
118;2;{10000000000000100000}
742;57;{11111101110101101110}
449;48;{01100110010101101100}
244;32;{01000011000001001001}
338;35;{10100100000101001010}
247;43;{01000110000000001011}
485;50;{10101110000101101101}
411;38;{11110011000100101000}
246;18;{00100100010100100000}
528;61;{01101111100100001111}
742;57;{11111101110101101110}
283;22;{01000000010001110010}
471;38;{10011101000001101010}
414;29;{11100100100100100010}
550;42;{11001101010001111100}
251;26;{00101010000100100100}
742;57;{11111101110101101110}
370;49;{01001110000001001110}
579;51;{10100101011111101010}
515;53;{10101110100100101110}
742;57;{11111101110101101110}
461;40;{10101100000101101101}
688;56;{11111101010101101110}
236;19;{10001000000001000011}
822;67;{11111101111111101110}
587;44;{10111101010101101100}
449;47;{00011111000001111100}
467;40;{10101101000100101101}
506;33;{11101100010101100100}
359;25;{10100100100100100010}
352;38;{01101000000100101011}
140;8;{10100000000100000000}
492;52;{10010111000001101111}
359;25;{10100100100100100010}
343;42;{00000111010001011100}
188;8;{10000000000001100001}
262;24;{10100001000100011000}
446;47;{00011011010001111010}
350;22;{10100000010101100101}
733;62;{11111101011111101010}
742;57;{11111101110101101110}
317;25;{10010001010001001001}
356;48;{01100110000101011001}
701;54;{11101101110101101110}
657;56;{11101100110101111011}
544;45;{10101100010101110111}
449;34;{10101100000101110101}
610;52;{10101100110101101111}
619;63;{00111101111110001111}
488;39;{10101101010100111000}
443;29;{10101100010101110000}
482;42;{00110101110100101010}
447;36;{10101101000100101100}
551;55;{10110111000101111101}
533;50;{11100101101110001010}
348;32;{00011001010001001101}
355;28;{00101100100100100010}
489;41;{10110101100101001010}
632;68;{10111111001111001110}
402;30;{10010101000001101100}
701;54;{11101101110101101110}
461;46;{01110101000100111010}
213;14;{10000001000000101000}
157;13;{10000001000000001000}
352;21;{11101000010101000000}
587;44;{10111101010101101100}
549;59;{01111001011110011011}
551;38;{10101100110101100110}
624;55;{11111101010101011010}
519;49;{01011101000001101111}
742;57;{11111101110101101110}
540;47;{10101101110100001110}
637;53;{11011101010001111110}
769;61;{11111101110101111110}
742;57;{11111101110101101110}
598;55;{00111101010101111110}
395;35;{11101010000100110100}
592;55;{01011001011011111110}
555;44;{10101100110101101010}
551;38;{10101100110101100110}
366;30;{00101100010100110100}
743;73;{01101111111111101110}
468;34;{10001101010001101100}
318;24;{10100000010100110010}
402;30;{10010101000001101100}
195;27;{00000011000000101001}
688;56;{11111101010101101110}
209;42;{00000010001010001011}
304;19;{10010001000001101000}
537;42;{10111101010100101100}
312;31;{00000100010001101101}
259;16;{10100100000100100000}
515;54;{01011101001011011010}
305;28;{00011001000000101101}
283;26;{10100110000100100000}
353;34;{10100100010100000111}
259;22;{10000001000000101010}
435;32;{10100100110100110010}
274;21;{10010001000000101001}
658;56;{10111101110101011110}
490;47;{11001101010000011110}
698;60;{11111101110101011011}
638;61;{01100101111110111110}
349;41;{00010111010001011000}
742;57;{11111101110101101110}
742;57;{11111101110101101110}
323;24;{10010001010000101001}
615;50;{10100101110101111110}
470;30;{11101000010101110100}
689;72;{01101111011111101110}
253;16;{11101000000100000000}
546;41;{10101101010101101100}
438;39;{11001100010001011100}
393;26;{10001100010001100101}
416;43;{10101110000101000110}
710;71;{11111111000101111111}
389;44;{10001000011010001111}
474;35;{10111001010100101100}
593;45;{11111101000101101100}
701;54;{11101101110101101110}
439;41;{10101100000101010111}
191;19;{01010001000000001000}
220;20;{10000101000000001000}
398;38;{00101110010101100001}
176;6;{10001000000000100000}
253;16;{11101000000100000000}
306;35;{10000110000000100111}
686;56;{11111101110101001110}
351;24;{01100100010101100000}
613;59;{01110101110101011111}
732;59;{10111101111111101010}
489;37;{10101100010101110010}
669;62;{11101110110101101110}
740;62;{11111101100101111111}
270;34;{11000110000000000011}
678;72;{11011111011011001111}
579;59;{11101011010101011110}
365;44;{10000011000000111111}
437;48;{00000101001011111011}
461;34;{10101000010101110110}
341;35;{00100100000101101101}
451;29;{10101100010101100100}
487;37;{10101100110101010010}
396;33;{10100001010101011100}
503;50;{11100101010100001111}
404;32;{11010001010000101010}
480;50;{10011111000000101110}
769;61;{11111101110101111110}
237;30;{00000000010000111011}
529;40;{10110101010101101100}
365;36;{10011011000001001100}
742;57;{11111101110101101110}
298;26;{10100100000100101000}
343;23;{10100100010100100100}
456;51;{11000111000000101111}
338;38;{10101000000100001111}
393;42;{01010001001010101011}
587;44;{10111101010101101100}
742;57;{11111101110101101110}
579;54;{10101110110101101010}
429;48;{01010111010000101010}
422;36;{10100001010100111101}
742;57;{11111101110101101110}
452;48;{11001010000001111110}
742;57;{11111101110101101110}
401;27;{10101100010100100100}
468;34;{10001101010001101100}
373;22;{10001100010001100100}
505;48;{11010011010001111010}
220;19;{10100010000100100000}
383;27;{11100100010100100001}
570;50;{10101101000101111110}
451;29;{10101100010101100100}
538;41;{10111101000101101100}
492;56;{01101011001110101010}
529;40;{10110101010101101100}
727;64;{01111101110101111111}
327;38;{01000000010000111111}
230;12;{10000100010000100000}
626;59;{10110101001111101111}
622;58;{10111111010101101010}
436;31;{10100100100101110010}
471;33;{10101100010101100101}
548;38;{11100100110101100110}
703;62;{10101101111110111110}
754;67;{11101101011111111110}
849;71;{11111101111111111110}
742;57;{11111101110101101110}
427;48;{10000110011010110011}
610;55;{01101100110101111110}
676;59;{10111111110101101010}
215;16;{10001000000000101000}
618;60;{11011011010001111111}
813;74;{11111101111111011111}
437;43;{00101011010101111000}
373;22;{10001100010001100100}
334;40;{11001010010000011001}
501;36;{10101100110100100110}
370;22;{11000100010001100100}
401;27;{10101100010100100100}
495;45;{10100100100101111011}
493;34;{10100100110101100110}
817;78;{11111111101111101111}
410;43;{11010111000001001001}
488;48;{10110011000101111101}
395;33;{01010101000001101100}
612;55;{10101101101110101011}
604;53;{10111101000101101111}
430;35;{10100101010100111000}
196;9;{10100000000100100000}
330;18;{10100000010101100100}
370;22;{11000100010001100100}
487;39;{01110101010101101000}
546;41;{10101101010101101100}
151;12;{00000000010000100010}
761;69;{11110101111110111111}
482;40;{10111101000101001100}
603;46;{10111101100101101010}
457;53;{01110011000100111110}
769;61;{11111101110101111110}
416;25;{10101100010101100000}
606;45;{11111001010101111100}
451;29;{10101100010101100100}
562;43;{10101101100101101010}
451;29;{10101100010101100100}
701;54;{11101101110101101110}
367;22;{10101100000101100000}
545;42;{10110101100101101010}
295;29;{01000001010001001010}
451;29;{10101100010101100100}
734;57;{11111101110101111010}
254;13;{10101000000100100000}
339;19;{10101000000101100100}
707;53;{11111101110101101010}
480;37;{10110101000101101100}
703;65;{11101111100101111110}
315;18;{10000100010001100100}
601;45;{11101101010101101100}
548;54;{11011011010000111110}
480;37;{10110101000101101100}
652;49;{10111101110101101010}
196;9;{10100000000100100000}
254;13;{10101000000100100000}
707;53;{11111101110101101010}
769;61;{11111101110101111110}
434;33;{11100100100100100011}
409;27;{10100100100101100010}
235;19;{10100000000100101000}
101;12;{01000000000000000010}
